cs/foundations/languages/README.md	languages/README.md
cs/foundations/languages/c-cpp-csharp.md	languages/c-cpp-csharp.md
cs/foundations/languages/c/syntax/01-declaration-syntax-and-reading/1-question.md	languages/c/syntax/01-declaration-syntax-and-reading/1-question.md
cs/foundations/languages/c/syntax/01-declaration-syntax-and-reading/2-summary.md	languages/c/syntax/01-declaration-syntax-and-reading/2-summary.md
cs/foundations/languages/c/syntax/01-declaration-syntax-and-reading/3-answer.md	languages/c/syntax/01-declaration-syntax-and-reading/3-answer.md
cs/foundations/languages/c/syntax/02-basic-types-sizes-and-fixed-width-integers/1-question.md	languages/c/syntax/02-basic-types-sizes-and-fixed-width-integers/1-question.md
cs/foundations/languages/c/syntax/02-basic-types-sizes-and-fixed-width-integers/2-summary.md	languages/c/syntax/02-basic-types-sizes-and-fixed-width-integers/2-summary.md
cs/foundations/languages/c/syntax/02-basic-types-sizes-and-fixed-width-integers/3-answer.md	languages/c/syntax/02-basic-types-sizes-and-fixed-width-integers/3-answer.md
cs/foundations/languages/c/syntax/03-integer-promotion-and-usual-arithmetic-conversions/1-question.md	languages/c/syntax/03-integer-promotion-and-usual-arithmetic-conversions/1-question.md
cs/foundations/languages/c/syntax/03-integer-promotion-and-usual-arithmetic-conversions/2-summary.md	languages/c/syntax/03-integer-promotion-and-usual-arithmetic-conversions/2-summary.md
cs/foundations/languages/c/syntax/03-integer-promotion-and-usual-arithmetic-conversions/3-answer.md	languages/c/syntax/03-integer-promotion-and-usual-arithmetic-conversions/3-answer.md
cs/foundations/languages/c/syntax/04-floating-point-types-and-conversions/1-question.md	languages/c/syntax/04-floating-point-types-and-conversions/1-question.md
cs/foundations/languages/c/syntax/04-floating-point-types-and-conversions/2-summary.md	languages/c/syntax/04-floating-point-types-and-conversions/2-summary.md
cs/foundations/languages/c/syntax/04-floating-point-types-and-conversions/3-answer.md	languages/c/syntax/04-floating-point-types-and-conversions/3-answer.md
cs/foundations/languages/c/syntax/05-explicit-casts-and-pointer-conversions/1-question.md	languages/c/syntax/05-explicit-casts-and-pointer-conversions/1-question.md
cs/foundations/languages/c/syntax/05-explicit-casts-and-pointer-conversions/2-summary.md	languages/c/syntax/05-explicit-casts-and-pointer-conversions/2-summary.md
cs/foundations/languages/c/syntax/05-explicit-casts-and-pointer-conversions/3-answer.md	languages/c/syntax/05-explicit-casts-and-pointer-conversions/3-answer.md
cs/foundations/languages/c/syntax/06-typedef-and-type-aliases/1-question.md	languages/c/syntax/06-typedef-and-type-aliases/1-question.md
cs/foundations/languages/c/syntax/06-typedef-and-type-aliases/2-summary.md	languages/c/syntax/06-typedef-and-type-aliases/2-summary.md
cs/foundations/languages/c/syntax/06-typedef-and-type-aliases/3-answer.md	languages/c/syntax/06-typedef-and-type-aliases/3-answer.md
cs/foundations/languages/c/syntax/07-enum-and-enumeration-constants/1-question.md	languages/c/syntax/07-enum-and-enumeration-constants/1-question.md
cs/foundations/languages/c/syntax/07-enum-and-enumeration-constants/2-summary.md	languages/c/syntax/07-enum-and-enumeration-constants/2-summary.md
cs/foundations/languages/c/syntax/07-enum-and-enumeration-constants/3-answer.md	languages/c/syntax/07-enum-and-enumeration-constants/3-answer.md
cs/foundations/languages/c/syntax/08-sizeof-alignment-and-offsetof/1-question.md	languages/c/syntax/08-sizeof-alignment-and-offsetof/1-question.md
cs/foundations/languages/c/syntax/08-sizeof-alignment-and-offsetof/2-summary.md	languages/c/syntax/08-sizeof-alignment-and-offsetof/2-summary.md
cs/foundations/languages/c/syntax/08-sizeof-alignment-and-offsetof/3-answer.md	languages/c/syntax/08-sizeof-alignment-and-offsetof/3-answer.md
cs/foundations/languages/c/syntax/09-operator-precedence-and-associativity/1-question.md	languages/c/syntax/09-operator-precedence-and-associativity/1-question.md
cs/foundations/languages/c/syntax/09-operator-precedence-and-associativity/2-summary.md	languages/c/syntax/09-operator-precedence-and-associativity/2-summary.md
cs/foundations/languages/c/syntax/09-operator-precedence-and-associativity/3-answer.md	languages/c/syntax/09-operator-precedence-and-associativity/3-answer.md
cs/foundations/languages/c/syntax/10-evaluation-order-and-sequence-points/1-question.md	languages/c/syntax/10-evaluation-order-and-sequence-points/1-question.md
cs/foundations/languages/c/syntax/10-evaluation-order-and-sequence-points/2-summary.md	languages/c/syntax/10-evaluation-order-and-sequence-points/2-summary.md
cs/foundations/languages/c/syntax/10-evaluation-order-and-sequence-points/3-answer.md	languages/c/syntax/10-evaluation-order-and-sequence-points/3-answer.md
cs/foundations/languages/c/syntax/11-bitwise-operations-and-shifts/1-question.md	languages/c/syntax/11-bitwise-operations-and-shifts/1-question.md
cs/foundations/languages/c/syntax/11-bitwise-operations-and-shifts/2-summary.md	languages/c/syntax/11-bitwise-operations-and-shifts/2-summary.md
cs/foundations/languages/c/syntax/11-bitwise-operations-and-shifts/3-answer.md	languages/c/syntax/11-bitwise-operations-and-shifts/3-answer.md
cs/foundations/languages/c/syntax/12-control-flow-and-switch/1-question.md	languages/c/syntax/12-control-flow-and-switch/1-question.md
cs/foundations/languages/c/syntax/12-control-flow-and-switch/2-summary.md	languages/c/syntax/12-control-flow-and-switch/2-summary.md
cs/foundations/languages/c/syntax/12-control-flow-and-switch/3-answer.md	languages/c/syntax/12-control-flow-and-switch/3-answer.md
cs/foundations/languages/c/syntax/13-goto-cleanup-idiom/1-question.md	languages/c/syntax/13-goto-cleanup-idiom/1-question.md
cs/foundations/languages/c/syntax/13-goto-cleanup-idiom/2-summary.md	languages/c/syntax/13-goto-cleanup-idiom/2-summary.md
cs/foundations/languages/c/syntax/13-goto-cleanup-idiom/3-answer.md	languages/c/syntax/13-goto-cleanup-idiom/3-answer.md
cs/foundations/languages/c/syntax/14-pointers-address-dereference-and-pointer-types/1-question.md	languages/c/syntax/14-pointers-address-dereference-and-pointer-types/1-question.md
cs/foundations/languages/c/syntax/14-pointers-address-dereference-and-pointer-types/2-summary.md	languages/c/syntax/14-pointers-address-dereference-and-pointer-types/2-summary.md
cs/foundations/languages/c/syntax/14-pointers-address-dereference-and-pointer-types/3-answer.md	languages/c/syntax/14-pointers-address-dereference-and-pointer-types/3-answer.md
cs/foundations/languages/c/syntax/15-pointer-arithmetic-and-indexing/1-question.md	languages/c/syntax/15-pointer-arithmetic-and-indexing/1-question.md
cs/foundations/languages/c/syntax/15-pointer-arithmetic-and-indexing/2-summary.md	languages/c/syntax/15-pointer-arithmetic-and-indexing/2-summary.md
cs/foundations/languages/c/syntax/15-pointer-arithmetic-and-indexing/3-answer.md	languages/c/syntax/15-pointer-arithmetic-and-indexing/3-answer.md
cs/foundations/languages/c/syntax/16-array-pointer-decay-and-function-parameters/1-question.md	languages/c/syntax/16-array-pointer-decay-and-function-parameters/1-question.md
cs/foundations/languages/c/syntax/16-array-pointer-decay-and-function-parameters/2-summary.md	languages/c/syntax/16-array-pointer-decay-and-function-parameters/2-summary.md
cs/foundations/languages/c/syntax/16-array-pointer-decay-and-function-parameters/3-answer.md	languages/c/syntax/16-array-pointer-decay-and-function-parameters/3-answer.md
cs/foundations/languages/c/syntax/17-multidimensional-arrays-and-pointer-types/1-question.md	languages/c/syntax/17-multidimensional-arrays-and-pointer-types/1-question.md
cs/foundations/languages/c/syntax/17-multidimensional-arrays-and-pointer-types/2-summary.md	languages/c/syntax/17-multidimensional-arrays-and-pointer-types/2-summary.md
cs/foundations/languages/c/syntax/17-multidimensional-arrays-and-pointer-types/3-answer.md	languages/c/syntax/17-multidimensional-arrays-and-pointer-types/3-answer.md
cs/foundations/languages/c/syntax/18-variable-length-arrays-vla/1-question.md	languages/c/syntax/18-variable-length-arrays-vla/1-question.md
cs/foundations/languages/c/syntax/18-variable-length-arrays-vla/2-summary.md	languages/c/syntax/18-variable-length-arrays-vla/2-summary.md
cs/foundations/languages/c/syntax/18-variable-length-arrays-vla/3-answer.md	languages/c/syntax/18-variable-length-arrays-vla/3-answer.md
cs/foundations/languages/c/syntax/19-void-pointer-null-pointer-and-null/1-question.md	languages/c/syntax/19-void-pointer-null-pointer-and-null/1-question.md
cs/foundations/languages/c/syntax/19-void-pointer-null-pointer-and-null/2-summary.md	languages/c/syntax/19-void-pointer-null-pointer-and-null/2-summary.md
cs/foundations/languages/c/syntax/19-void-pointer-null-pointer-and-null/3-answer.md	languages/c/syntax/19-void-pointer-null-pointer-and-null/3-answer.md
cs/foundations/languages/c/syntax/20-null-terminated-strings-and-string-literals/1-question.md	languages/c/syntax/20-null-terminated-strings-and-string-literals/1-question.md
cs/foundations/languages/c/syntax/20-null-terminated-strings-and-string-literals/2-summary.md	languages/c/syntax/20-null-terminated-strings-and-string-literals/2-summary.md
cs/foundations/languages/c/syntax/20-null-terminated-strings-and-string-literals/3-answer.md	languages/c/syntax/20-null-terminated-strings-and-string-literals/3-answer.md
cs/foundations/languages/c/syntax/21-struct-declaration-initialization-and-designated-initializers/1-question.md	languages/c/syntax/21-struct-declaration-initialization-and-designated-initializers/1-question.md
cs/foundations/languages/c/syntax/21-struct-declaration-initialization-and-designated-initializers/2-summary.md	languages/c/syntax/21-struct-declaration-initialization-and-designated-initializers/2-summary.md
cs/foundations/languages/c/syntax/21-struct-declaration-initialization-and-designated-initializers/3-answer.md	languages/c/syntax/21-struct-declaration-initialization-and-designated-initializers/3-answer.md
cs/foundations/languages/c/syntax/22-struct-padding-and-alignment/1-question.md	languages/c/syntax/22-struct-padding-and-alignment/1-question.md
cs/foundations/languages/c/syntax/22-struct-padding-and-alignment/2-summary.md	languages/c/syntax/22-struct-padding-and-alignment/2-summary.md
cs/foundations/languages/c/syntax/22-struct-padding-and-alignment/3-answer.md	languages/c/syntax/22-struct-padding-and-alignment/3-answer.md
cs/foundations/languages/c/syntax/23-union-and-the-boundary-of-type-punning/1-question.md	languages/c/syntax/23-union-and-the-boundary-of-type-punning/1-question.md
cs/foundations/languages/c/syntax/23-union-and-the-boundary-of-type-punning/2-summary.md	languages/c/syntax/23-union-and-the-boundary-of-type-punning/2-summary.md
cs/foundations/languages/c/syntax/23-union-and-the-boundary-of-type-punning/3-answer.md	languages/c/syntax/23-union-and-the-boundary-of-type-punning/3-answer.md
cs/foundations/languages/c/syntax/24-bit-fields/1-question.md	languages/c/syntax/24-bit-fields/1-question.md
cs/foundations/languages/c/syntax/24-bit-fields/2-summary.md	languages/c/syntax/24-bit-fields/2-summary.md
cs/foundations/languages/c/syntax/24-bit-fields/3-answer.md	languages/c/syntax/24-bit-fields/3-answer.md
cs/foundations/languages/c/syntax/25-incomplete-types-and-opaque-struct/1-question.md	languages/c/syntax/25-incomplete-types-and-opaque-struct/1-question.md
cs/foundations/languages/c/syntax/25-incomplete-types-and-opaque-struct/2-summary.md	languages/c/syntax/25-incomplete-types-and-opaque-struct/2-summary.md
cs/foundations/languages/c/syntax/25-incomplete-types-and-opaque-struct/3-answer.md	languages/c/syntax/25-incomplete-types-and-opaque-struct/3-answer.md
cs/foundations/languages/c/syntax/26-flexible-array-members/1-question.md	languages/c/syntax/26-flexible-array-members/1-question.md
cs/foundations/languages/c/syntax/26-flexible-array-members/2-summary.md	languages/c/syntax/26-flexible-array-members/2-summary.md
cs/foundations/languages/c/syntax/26-flexible-array-members/3-answer.md	languages/c/syntax/26-flexible-array-members/3-answer.md
cs/foundations/languages/c/syntax/27-compound-literals/1-question.md	languages/c/syntax/27-compound-literals/1-question.md
cs/foundations/languages/c/syntax/27-compound-literals/2-summary.md	languages/c/syntax/27-compound-literals/2-summary.md
cs/foundations/languages/c/syntax/27-compound-literals/3-answer.md	languages/c/syntax/27-compound-literals/3-answer.md
cs/foundations/languages/c/syntax/28-choosing-among-four-storage-durations/1-question.md	languages/c/syntax/28-choosing-among-four-storage-durations/1-question.md
cs/foundations/languages/c/syntax/28-choosing-among-four-storage-durations/2-summary.md	languages/c/syntax/28-choosing-among-four-storage-durations/2-summary.md
cs/foundations/languages/c/syntax/28-choosing-among-four-storage-durations/3-answer.md	languages/c/syntax/28-choosing-among-four-storage-durations/3-answer.md
cs/foundations/languages/c/syntax/29-scope-and-linkage-static-extern/1-question.md	languages/c/syntax/29-scope-and-linkage-static-extern/1-question.md
cs/foundations/languages/c/syntax/29-scope-and-linkage-static-extern/2-summary.md	languages/c/syntax/29-scope-and-linkage-static-extern/2-summary.md
cs/foundations/languages/c/syntax/29-scope-and-linkage-static-extern/3-answer.md	languages/c/syntax/29-scope-and-linkage-static-extern/3-answer.md
cs/foundations/languages/c/syntax/30-initialization-rules-and-indeterminate-values/1-question.md	languages/c/syntax/30-initialization-rules-and-indeterminate-values/1-question.md
cs/foundations/languages/c/syntax/30-initialization-rules-and-indeterminate-values/2-summary.md	languages/c/syntax/30-initialization-rules-and-indeterminate-values/2-summary.md
cs/foundations/languages/c/syntax/30-initialization-rules-and-indeterminate-values/3-answer.md	languages/c/syntax/30-initialization-rules-and-indeterminate-values/3-answer.md
cs/foundations/languages/c/syntax/31-const-and-pointer-const-placement/1-question.md	languages/c/syntax/31-const-and-pointer-const-placement/1-question.md
cs/foundations/languages/c/syntax/31-const-and-pointer-const-placement/2-summary.md	languages/c/syntax/31-const-and-pointer-const-placement/2-summary.md
cs/foundations/languages/c/syntax/31-const-and-pointer-const-placement/3-answer.md	languages/c/syntax/31-const-and-pointer-const-placement/3-answer.md
cs/foundations/languages/c/syntax/32-what-volatile-actually-guarantees/1-question.md	languages/c/syntax/32-what-volatile-actually-guarantees/1-question.md
cs/foundations/languages/c/syntax/32-what-volatile-actually-guarantees/2-summary.md	languages/c/syntax/32-what-volatile-actually-guarantees/2-summary.md
cs/foundations/languages/c/syntax/32-what-volatile-actually-guarantees/3-answer.md	languages/c/syntax/32-what-volatile-actually-guarantees/3-answer.md
cs/foundations/languages/c/syntax/33-restrict-and-the-aliasing-contract/1-question.md	languages/c/syntax/33-restrict-and-the-aliasing-contract/1-question.md
cs/foundations/languages/c/syntax/33-restrict-and-the-aliasing-contract/2-summary.md	languages/c/syntax/33-restrict-and-the-aliasing-contract/2-summary.md
cs/foundations/languages/c/syntax/33-restrict-and-the-aliasing-contract/3-answer.md	languages/c/syntax/33-restrict-and-the-aliasing-contract/3-answer.md
cs/foundations/languages/c/syntax/34-function-declarations-definitions-and-prototypes/1-question.md	languages/c/syntax/34-function-declarations-definitions-and-prototypes/1-question.md
cs/foundations/languages/c/syntax/34-function-declarations-definitions-and-prototypes/2-summary.md	languages/c/syntax/34-function-declarations-definitions-and-prototypes/2-summary.md
cs/foundations/languages/c/syntax/34-function-declarations-definitions-and-prototypes/3-answer.md	languages/c/syntax/34-function-declarations-definitions-and-prototypes/3-answer.md
cs/foundations/languages/c/syntax/35-function-pointers-and-callback-tables/1-question.md	languages/c/syntax/35-function-pointers-and-callback-tables/1-question.md
cs/foundations/languages/c/syntax/35-function-pointers-and-callback-tables/2-summary.md	languages/c/syntax/35-function-pointers-and-callback-tables/2-summary.md
cs/foundations/languages/c/syntax/35-function-pointers-and-callback-tables/3-answer.md	languages/c/syntax/35-function-pointers-and-callback-tables/3-answer.md
cs/foundations/languages/c/syntax/36-variadic-functions-stdarg/1-question.md	languages/c/syntax/36-variadic-functions-stdarg/1-question.md
cs/foundations/languages/c/syntax/36-variadic-functions-stdarg/2-summary.md	languages/c/syntax/36-variadic-functions-stdarg/2-summary.md
cs/foundations/languages/c/syntax/36-variadic-functions-stdarg/3-answer.md	languages/c/syntax/36-variadic-functions-stdarg/3-answer.md
cs/foundations/languages/c/syntax/37-malloc-calloc-realloc-free/1-question.md	languages/c/syntax/37-malloc-calloc-realloc-free/1-question.md
cs/foundations/languages/c/syntax/37-malloc-calloc-realloc-free/2-summary.md	languages/c/syntax/37-malloc-calloc-realloc-free/2-summary.md
cs/foundations/languages/c/syntax/37-malloc-calloc-realloc-free/3-answer.md	languages/c/syntax/37-malloc-calloc-realloc-free/3-answer.md
cs/foundations/languages/c/syntax/38-expressing-ownership-conventions-in-code/1-question.md	languages/c/syntax/38-expressing-ownership-conventions-in-code/1-question.md
cs/foundations/languages/c/syntax/38-expressing-ownership-conventions-in-code/2-summary.md	languages/c/syntax/38-expressing-ownership-conventions-in-code/2-summary.md
cs/foundations/languages/c/syntax/38-expressing-ownership-conventions-in-code/3-answer.md	languages/c/syntax/38-expressing-ownership-conventions-in-code/3-answer.md
cs/foundations/languages/c/syntax/39-inline-and-c-inline-rules/1-question.md	languages/c/syntax/39-inline-and-c-inline-rules/1-question.md
cs/foundations/languages/c/syntax/39-inline-and-c-inline-rules/2-summary.md	languages/c/syntax/39-inline-and-c-inline-rules/2-summary.md
cs/foundations/languages/c/syntax/39-inline-and-c-inline-rules/3-answer.md	languages/c/syntax/39-inline-and-c-inline-rules/3-answer.md
cs/foundations/languages/c/syntax/40-generic-selection-c11/1-question.md	languages/c/syntax/40-generic-selection-c11/1-question.md
cs/foundations/languages/c/syntax/40-generic-selection-c11/2-summary.md	languages/c/syntax/40-generic-selection-c11/2-summary.md
cs/foundations/languages/c/syntax/40-generic-selection-c11/3-answer.md	languages/c/syntax/40-generic-selection-c11/3-answer.md
cs/foundations/languages/c/syntax/41-preprocessor-directives-and-conditional-compilation/1-question.md	languages/c/syntax/41-preprocessor-directives-and-conditional-compilation/1-question.md
cs/foundations/languages/c/syntax/41-preprocessor-directives-and-conditional-compilation/2-summary.md	languages/c/syntax/41-preprocessor-directives-and-conditional-compilation/2-summary.md
cs/foundations/languages/c/syntax/41-preprocessor-directives-and-conditional-compilation/3-answer.md	languages/c/syntax/41-preprocessor-directives-and-conditional-compilation/3-answer.md
cs/foundations/languages/c/syntax/42-function-like-macro-pitfalls/1-question.md	languages/c/syntax/42-function-like-macro-pitfalls/1-question.md
cs/foundations/languages/c/syntax/42-function-like-macro-pitfalls/2-summary.md	languages/c/syntax/42-function-like-macro-pitfalls/2-summary.md
cs/foundations/languages/c/syntax/42-function-like-macro-pitfalls/3-answer.md	languages/c/syntax/42-function-like-macro-pitfalls/3-answer.md
cs/foundations/languages/c/syntax/43-stringizing-and-token-pasting/1-question.md	languages/c/syntax/43-stringizing-and-token-pasting/1-question.md
cs/foundations/languages/c/syntax/43-stringizing-and-token-pasting/2-summary.md	languages/c/syntax/43-stringizing-and-token-pasting/2-summary.md
cs/foundations/languages/c/syntax/43-stringizing-and-token-pasting/3-answer.md	languages/c/syntax/43-stringizing-and-token-pasting/3-answer.md
cs/foundations/languages/c/syntax/44-headers-and-separate-compilation/1-question.md	languages/c/syntax/44-headers-and-separate-compilation/1-question.md
cs/foundations/languages/c/syntax/44-headers-and-separate-compilation/2-summary.md	languages/c/syntax/44-headers-and-separate-compilation/2-summary.md
cs/foundations/languages/c/syntax/44-headers-and-separate-compilation/3-answer.md	languages/c/syntax/44-headers-and-separate-compilation/3-answer.md
cs/foundations/languages/c/syntax/45-translation-units-and-reading-link-errors/1-question.md	languages/c/syntax/45-translation-units-and-reading-link-errors/1-question.md
cs/foundations/languages/c/syntax/45-translation-units-and-reading-link-errors/2-summary.md	languages/c/syntax/45-translation-units-and-reading-link-errors/2-summary.md
cs/foundations/languages/c/syntax/45-translation-units-and-reading-link-errors/3-answer.md	languages/c/syntax/45-translation-units-and-reading-link-errors/3-answer.md
cs/foundations/languages/c/syntax/46-errno-and-error-return-conventions/1-question.md	languages/c/syntax/46-errno-and-error-return-conventions/1-question.md
cs/foundations/languages/c/syntax/46-errno-and-error-return-conventions/2-summary.md	languages/c/syntax/46-errno-and-error-return-conventions/2-summary.md
cs/foundations/languages/c/syntax/46-errno-and-error-return-conventions/3-answer.md	languages/c/syntax/46-errno-and-error-return-conventions/3-answer.md
cs/foundations/languages/c/syntax/47-stdio-streams-buffering-and-formatted-output/1-question.md	languages/c/syntax/47-stdio-streams-buffering-and-formatted-output/1-question.md
cs/foundations/languages/c/syntax/47-stdio-streams-buffering-and-formatted-output/2-summary.md	languages/c/syntax/47-stdio-streams-buffering-and-formatted-output/2-summary.md
cs/foundations/languages/c/syntax/47-stdio-streams-buffering-and-formatted-output/3-answer.md	languages/c/syntax/47-stdio-streams-buffering-and-formatted-output/3-answer.md
cs/foundations/languages/c/syntax/48-stdio-input-and-files/1-question.md	languages/c/syntax/48-stdio-input-and-files/1-question.md
cs/foundations/languages/c/syntax/48-stdio-input-and-files/2-summary.md	languages/c/syntax/48-stdio-input-and-files/2-summary.md
cs/foundations/languages/c/syntax/48-stdio-input-and-files/3-answer.md	languages/c/syntax/48-stdio-input-and-files/3-answer.md
cs/foundations/languages/c/syntax/49-string-functions-and-pitfalls/1-question.md	languages/c/syntax/49-string-functions-and-pitfalls/1-question.md
cs/foundations/languages/c/syntax/49-string-functions-and-pitfalls/2-summary.md	languages/c/syntax/49-string-functions-and-pitfalls/2-summary.md
cs/foundations/languages/c/syntax/49-string-functions-and-pitfalls/3-answer.md	languages/c/syntax/49-string-functions-and-pitfalls/3-answer.md
cs/foundations/languages/c/syntax/50-string-h-memory-functions-memcpy-memmove-memset-memcmp/1-question.md	languages/c/syntax/50-string-h-memory-functions-memcpy-memmove-memset-memcmp/1-question.md
cs/foundations/languages/c/syntax/50-string-h-memory-functions-memcpy-memmove-memset-memcmp/2-summary.md	languages/c/syntax/50-string-h-memory-functions-memcpy-memmove-memset-memcmp/2-summary.md
cs/foundations/languages/c/syntax/50-string-h-memory-functions-memcpy-memmove-memset-memcmp/3-answer.md	languages/c/syntax/50-string-h-memory-functions-memcpy-memmove-memset-memcmp/3-answer.md
cs/foundations/languages/c/syntax/51-stdlib-conversion-qsort-and-bsearch/1-question.md	languages/c/syntax/51-stdlib-conversion-qsort-and-bsearch/1-question.md
cs/foundations/languages/c/syntax/51-stdlib-conversion-qsort-and-bsearch/2-summary.md	languages/c/syntax/51-stdlib-conversion-qsort-and-bsearch/2-summary.md
cs/foundations/languages/c/syntax/51-stdlib-conversion-qsort-and-bsearch/3-answer.md	languages/c/syntax/51-stdlib-conversion-qsort-and-bsearch/3-answer.md
cs/foundations/languages/c/syntax/52-ctype-math-and-time-essentials/1-question.md	languages/c/syntax/52-ctype-math-and-time-essentials/1-question.md
cs/foundations/languages/c/syntax/52-ctype-math-and-time-essentials/2-summary.md	languages/c/syntax/52-ctype-math-and-time-essentials/2-summary.md
cs/foundations/languages/c/syntax/52-ctype-math-and-time-essentials/3-answer.md	languages/c/syntax/52-ctype-math-and-time-essentials/3-answer.md
cs/foundations/languages/c/syntax/53-assert-and-static-assert/1-question.md	languages/c/syntax/53-assert-and-static-assert/1-question.md
cs/foundations/languages/c/syntax/53-assert-and-static-assert/2-summary.md	languages/c/syntax/53-assert-and-static-assert/2-summary.md
cs/foundations/languages/c/syntax/53-assert-and-static-assert/3-answer.md	languages/c/syntax/53-assert-and-static-assert/3-answer.md
cs/foundations/languages/c/syntax/README.md	languages/c/syntax/README.md
cs/foundations/languages/cpp/syntax/01-function-overloading-and-overload-resolution/1-question.md	languages/cpp/syntax/01-function-overloading-and-overload-resolution/1-question.md
cs/foundations/languages/cpp/syntax/01-function-overloading-and-overload-resolution/2-summary.md	languages/cpp/syntax/01-function-overloading-and-overload-resolution/2-summary.md
cs/foundations/languages/cpp/syntax/01-function-overloading-and-overload-resolution/3-answer.md	languages/cpp/syntax/01-function-overloading-and-overload-resolution/3-answer.md
cs/foundations/languages/cpp/syntax/02-enum-class-and-scoped-enumerations/1-question.md	languages/cpp/syntax/02-enum-class-and-scoped-enumerations/1-question.md
cs/foundations/languages/cpp/syntax/02-enum-class-and-scoped-enumerations/2-summary.md	languages/cpp/syntax/02-enum-class-and-scoped-enumerations/2-summary.md
cs/foundations/languages/cpp/syntax/02-enum-class-and-scoped-enumerations/3-answer.md	languages/cpp/syntax/02-enum-class-and-scoped-enumerations/3-answer.md
cs/foundations/languages/cpp/syntax/03-four-cast-operators/1-question.md	languages/cpp/syntax/03-four-cast-operators/1-question.md
cs/foundations/languages/cpp/syntax/03-four-cast-operators/2-summary.md	languages/cpp/syntax/03-four-cast-operators/2-summary.md
cs/foundations/languages/cpp/syntax/03-four-cast-operators/3-answer.md	languages/cpp/syntax/03-four-cast-operators/3-answer.md
cs/foundations/languages/cpp/syntax/04-brace-initialization-narrowing-and-initializer-list/1-question.md	languages/cpp/syntax/04-brace-initialization-narrowing-and-initializer-list/1-question.md
cs/foundations/languages/cpp/syntax/04-brace-initialization-narrowing-and-initializer-list/2-summary.md	languages/cpp/syntax/04-brace-initialization-narrowing-and-initializer-list/2-summary.md
cs/foundations/languages/cpp/syntax/04-brace-initialization-narrowing-and-initializer-list/3-answer.md	languages/cpp/syntax/04-brace-initialization-narrowing-and-initializer-list/3-answer.md
cs/foundations/languages/cpp/syntax/05-auto-and-decltype-type-deduction/1-question.md	languages/cpp/syntax/05-auto-and-decltype-type-deduction/1-question.md
cs/foundations/languages/cpp/syntax/05-auto-and-decltype-type-deduction/2-summary.md	languages/cpp/syntax/05-auto-and-decltype-type-deduction/2-summary.md
cs/foundations/languages/cpp/syntax/05-auto-and-decltype-type-deduction/3-answer.md	languages/cpp/syntax/05-auto-and-decltype-type-deduction/3-answer.md
cs/foundations/languages/cpp/syntax/06-namespaces-and-adl/1-question.md	languages/cpp/syntax/06-namespaces-and-adl/1-question.md
cs/foundations/languages/cpp/syntax/06-namespaces-and-adl/2-summary.md	languages/cpp/syntax/06-namespaces-and-adl/2-summary.md
cs/foundations/languages/cpp/syntax/06-namespaces-and-adl/3-answer.md	languages/cpp/syntax/06-namespaces-and-adl/3-answer.md
cs/foundations/languages/cpp/syntax/07-references-vs-pointers/1-question.md	languages/cpp/syntax/07-references-vs-pointers/1-question.md
cs/foundations/languages/cpp/syntax/07-references-vs-pointers/2-summary.md	languages/cpp/syntax/07-references-vs-pointers/2-summary.md
cs/foundations/languages/cpp/syntax/07-references-vs-pointers/3-answer.md	languages/cpp/syntax/07-references-vs-pointers/3-answer.md
cs/foundations/languages/cpp/syntax/08-value-categories-lvalue-prvalue-xvalue/1-question.md	languages/cpp/syntax/08-value-categories-lvalue-prvalue-xvalue/1-question.md
cs/foundations/languages/cpp/syntax/08-value-categories-lvalue-prvalue-xvalue/2-summary.md	languages/cpp/syntax/08-value-categories-lvalue-prvalue-xvalue/2-summary.md
cs/foundations/languages/cpp/syntax/08-value-categories-lvalue-prvalue-xvalue/3-answer.md	languages/cpp/syntax/08-value-categories-lvalue-prvalue-xvalue/3-answer.md
cs/foundations/languages/cpp/syntax/09-rvalue-references-move-and-forward/1-question.md	languages/cpp/syntax/09-rvalue-references-move-and-forward/1-question.md
cs/foundations/languages/cpp/syntax/09-rvalue-references-move-and-forward/2-summary.md	languages/cpp/syntax/09-rvalue-references-move-and-forward/2-summary.md
cs/foundations/languages/cpp/syntax/09-rvalue-references-move-and-forward/3-answer.md	languages/cpp/syntax/09-rvalue-references-move-and-forward/3-answer.md
cs/foundations/languages/cpp/syntax/10-const-correctness/1-question.md	languages/cpp/syntax/10-const-correctness/1-question.md
cs/foundations/languages/cpp/syntax/10-const-correctness/2-summary.md	languages/cpp/syntax/10-const-correctness/2-summary.md
cs/foundations/languages/cpp/syntax/10-const-correctness/3-answer.md	languages/cpp/syntax/10-const-correctness/3-answer.md
cs/foundations/languages/cpp/syntax/11-choosing-parameter-passing/1-question.md	languages/cpp/syntax/11-choosing-parameter-passing/1-question.md
cs/foundations/languages/cpp/syntax/11-choosing-parameter-passing/2-summary.md	languages/cpp/syntax/11-choosing-parameter-passing/2-summary.md
cs/foundations/languages/cpp/syntax/11-choosing-parameter-passing/3-answer.md	languages/cpp/syntax/11-choosing-parameter-passing/3-answer.md
cs/foundations/languages/cpp/syntax/12-class-basics-members-access-and-this/1-question.md	languages/cpp/syntax/12-class-basics-members-access-and-this/1-question.md
cs/foundations/languages/cpp/syntax/12-class-basics-members-access-and-this/2-summary.md	languages/cpp/syntax/12-class-basics-members-access-and-this/2-summary.md
cs/foundations/languages/cpp/syntax/12-class-basics-members-access-and-this/3-answer.md	languages/cpp/syntax/12-class-basics-members-access-and-this/3-answer.md
cs/foundations/languages/cpp/syntax/13-constructors-member-init-list-and-delegating/1-question.md	languages/cpp/syntax/13-constructors-member-init-list-and-delegating/1-question.md
cs/foundations/languages/cpp/syntax/13-constructors-member-init-list-and-delegating/2-summary.md	languages/cpp/syntax/13-constructors-member-init-list-and-delegating/2-summary.md
cs/foundations/languages/cpp/syntax/13-constructors-member-init-list-and-delegating/3-answer.md	languages/cpp/syntax/13-constructors-member-init-list-and-delegating/3-answer.md
cs/foundations/languages/cpp/syntax/14-destructors-and-deterministic-destruction/1-question.md	languages/cpp/syntax/14-destructors-and-deterministic-destruction/1-question.md
cs/foundations/languages/cpp/syntax/14-destructors-and-deterministic-destruction/2-summary.md	languages/cpp/syntax/14-destructors-and-deterministic-destruction/2-summary.md
cs/foundations/languages/cpp/syntax/14-destructors-and-deterministic-destruction/3-answer.md	languages/cpp/syntax/14-destructors-and-deterministic-destruction/3-answer.md
cs/foundations/languages/cpp/syntax/15-raii-resources-as-types/1-question.md	languages/cpp/syntax/15-raii-resources-as-types/1-question.md
cs/foundations/languages/cpp/syntax/15-raii-resources-as-types/2-summary.md	languages/cpp/syntax/15-raii-resources-as-types/2-summary.md
cs/foundations/languages/cpp/syntax/15-raii-resources-as-types/3-answer.md	languages/cpp/syntax/15-raii-resources-as-types/3-answer.md
cs/foundations/languages/cpp/syntax/16-copy-constructor-and-copy-assignment/1-question.md	languages/cpp/syntax/16-copy-constructor-and-copy-assignment/1-question.md
cs/foundations/languages/cpp/syntax/16-copy-constructor-and-copy-assignment/2-summary.md	languages/cpp/syntax/16-copy-constructor-and-copy-assignment/2-summary.md
cs/foundations/languages/cpp/syntax/16-copy-constructor-and-copy-assignment/3-answer.md	languages/cpp/syntax/16-copy-constructor-and-copy-assignment/3-answer.md
cs/foundations/languages/cpp/syntax/17-move-constructor-assignment-and-moved-from-state/1-question.md	languages/cpp/syntax/17-move-constructor-assignment-and-moved-from-state/1-question.md
cs/foundations/languages/cpp/syntax/17-move-constructor-assignment-and-moved-from-state/2-summary.md	languages/cpp/syntax/17-move-constructor-assignment-and-moved-from-state/2-summary.md
cs/foundations/languages/cpp/syntax/17-move-constructor-assignment-and-moved-from-state/3-answer.md	languages/cpp/syntax/17-move-constructor-assignment-and-moved-from-state/3-answer.md
cs/foundations/languages/cpp/syntax/18-rule-of-zero-three-five-default-delete/1-question.md	languages/cpp/syntax/18-rule-of-zero-three-five-default-delete/1-question.md
cs/foundations/languages/cpp/syntax/18-rule-of-zero-three-five-default-delete/2-summary.md	languages/cpp/syntax/18-rule-of-zero-three-five-default-delete/2-summary.md
cs/foundations/languages/cpp/syntax/18-rule-of-zero-three-five-default-delete/3-answer.md	languages/cpp/syntax/18-rule-of-zero-three-five-default-delete/3-answer.md
cs/foundations/languages/cpp/syntax/19-inheritance-virtual-functions-override-final/1-question.md	languages/cpp/syntax/19-inheritance-virtual-functions-override-final/1-question.md
cs/foundations/languages/cpp/syntax/19-inheritance-virtual-functions-override-final/2-summary.md	languages/cpp/syntax/19-inheritance-virtual-functions-override-final/2-summary.md
cs/foundations/languages/cpp/syntax/19-inheritance-virtual-functions-override-final/3-answer.md	languages/cpp/syntax/19-inheritance-virtual-functions-override-final/3-answer.md
cs/foundations/languages/cpp/syntax/20-virtual-destructors-and-polymorphic-deletion/1-question.md	languages/cpp/syntax/20-virtual-destructors-and-polymorphic-deletion/1-question.md
cs/foundations/languages/cpp/syntax/20-virtual-destructors-and-polymorphic-deletion/2-summary.md	languages/cpp/syntax/20-virtual-destructors-and-polymorphic-deletion/2-summary.md
cs/foundations/languages/cpp/syntax/20-virtual-destructors-and-polymorphic-deletion/3-answer.md	languages/cpp/syntax/20-virtual-destructors-and-polymorphic-deletion/3-answer.md
cs/foundations/languages/cpp/syntax/21-abstract-classes-pure-virtual-and-vtable-cost/1-question.md	languages/cpp/syntax/21-abstract-classes-pure-virtual-and-vtable-cost/1-question.md
cs/foundations/languages/cpp/syntax/21-abstract-classes-pure-virtual-and-vtable-cost/2-summary.md	languages/cpp/syntax/21-abstract-classes-pure-virtual-and-vtable-cost/2-summary.md
cs/foundations/languages/cpp/syntax/21-abstract-classes-pure-virtual-and-vtable-cost/3-answer.md	languages/cpp/syntax/21-abstract-classes-pure-virtual-and-vtable-cost/3-answer.md
cs/foundations/languages/cpp/syntax/22-operator-overloading/1-question.md	languages/cpp/syntax/22-operator-overloading/1-question.md
cs/foundations/languages/cpp/syntax/22-operator-overloading/2-summary.md	languages/cpp/syntax/22-operator-overloading/2-summary.md
cs/foundations/languages/cpp/syntax/22-operator-overloading/3-answer.md	languages/cpp/syntax/22-operator-overloading/3-answer.md
cs/foundations/languages/cpp/syntax/23-three-way-comparison-spaceship/1-question.md	languages/cpp/syntax/23-three-way-comparison-spaceship/1-question.md
cs/foundations/languages/cpp/syntax/23-three-way-comparison-spaceship/2-summary.md	languages/cpp/syntax/23-three-way-comparison-spaceship/2-summary.md
cs/foundations/languages/cpp/syntax/23-three-way-comparison-spaceship/3-answer.md	languages/cpp/syntax/23-three-way-comparison-spaceship/3-answer.md
cs/foundations/languages/cpp/syntax/24-explicit-and-converting-constructors/1-question.md	languages/cpp/syntax/24-explicit-and-converting-constructors/1-question.md
cs/foundations/languages/cpp/syntax/24-explicit-and-converting-constructors/2-summary.md	languages/cpp/syntax/24-explicit-and-converting-constructors/2-summary.md
cs/foundations/languages/cpp/syntax/24-explicit-and-converting-constructors/3-answer.md	languages/cpp/syntax/24-explicit-and-converting-constructors/3-answer.md
cs/foundations/languages/cpp/syntax/25-static-members-and-inline-variables/1-question.md	languages/cpp/syntax/25-static-members-and-inline-variables/1-question.md
cs/foundations/languages/cpp/syntax/25-static-members-and-inline-variables/2-summary.md	languages/cpp/syntax/25-static-members-and-inline-variables/2-summary.md
cs/foundations/languages/cpp/syntax/25-static-members-and-inline-variables/3-answer.md	languages/cpp/syntax/25-static-members-and-inline-variables/3-answer.md
cs/foundations/languages/cpp/syntax/26-unique-ptr-and-ownership-transfer/1-question.md	languages/cpp/syntax/26-unique-ptr-and-ownership-transfer/1-question.md
cs/foundations/languages/cpp/syntax/26-unique-ptr-and-ownership-transfer/2-summary.md	languages/cpp/syntax/26-unique-ptr-and-ownership-transfer/2-summary.md
cs/foundations/languages/cpp/syntax/26-unique-ptr-and-ownership-transfer/3-answer.md	languages/cpp/syntax/26-unique-ptr-and-ownership-transfer/3-answer.md
cs/foundations/languages/cpp/syntax/27-shared-ptr-and-reference-counting/1-question.md	languages/cpp/syntax/27-shared-ptr-and-reference-counting/1-question.md
cs/foundations/languages/cpp/syntax/27-shared-ptr-and-reference-counting/2-summary.md	languages/cpp/syntax/27-shared-ptr-and-reference-counting/2-summary.md
cs/foundations/languages/cpp/syntax/27-shared-ptr-and-reference-counting/3-answer.md	languages/cpp/syntax/27-shared-ptr-and-reference-counting/3-answer.md
cs/foundations/languages/cpp/syntax/28-weak-ptr-and-reference-cycles/1-question.md	languages/cpp/syntax/28-weak-ptr-and-reference-cycles/1-question.md
cs/foundations/languages/cpp/syntax/28-weak-ptr-and-reference-cycles/2-summary.md	languages/cpp/syntax/28-weak-ptr-and-reference-cycles/2-summary.md
cs/foundations/languages/cpp/syntax/28-weak-ptr-and-reference-cycles/3-answer.md	languages/cpp/syntax/28-weak-ptr-and-reference-cycles/3-answer.md
cs/foundations/languages/cpp/syntax/29-new-delete-and-where-raw-pointers-remain/1-question.md	languages/cpp/syntax/29-new-delete-and-where-raw-pointers-remain/1-question.md
cs/foundations/languages/cpp/syntax/29-new-delete-and-where-raw-pointers-remain/2-summary.md	languages/cpp/syntax/29-new-delete-and-where-raw-pointers-remain/2-summary.md
cs/foundations/languages/cpp/syntax/29-new-delete-and-where-raw-pointers-remain/3-answer.md	languages/cpp/syntax/29-new-delete-and-where-raw-pointers-remain/3-answer.md
cs/foundations/languages/cpp/syntax/30-dangling-references-and-lifetime-extension/1-question.md	languages/cpp/syntax/30-dangling-references-and-lifetime-extension/1-question.md
cs/foundations/languages/cpp/syntax/30-dangling-references-and-lifetime-extension/2-summary.md	languages/cpp/syntax/30-dangling-references-and-lifetime-extension/2-summary.md
cs/foundations/languages/cpp/syntax/30-dangling-references-and-lifetime-extension/3-answer.md	languages/cpp/syntax/30-dangling-references-and-lifetime-extension/3-answer.md
cs/foundations/languages/cpp/syntax/31-function-templates-and-argument-deduction/1-question.md	languages/cpp/syntax/31-function-templates-and-argument-deduction/1-question.md
cs/foundations/languages/cpp/syntax/31-function-templates-and-argument-deduction/2-summary.md	languages/cpp/syntax/31-function-templates-and-argument-deduction/2-summary.md
cs/foundations/languages/cpp/syntax/31-function-templates-and-argument-deduction/3-answer.md	languages/cpp/syntax/31-function-templates-and-argument-deduction/3-answer.md
cs/foundations/languages/cpp/syntax/32-class-templates-and-ctad/1-question.md	languages/cpp/syntax/32-class-templates-and-ctad/1-question.md
cs/foundations/languages/cpp/syntax/32-class-templates-and-ctad/2-summary.md	languages/cpp/syntax/32-class-templates-and-ctad/2-summary.md
cs/foundations/languages/cpp/syntax/32-class-templates-and-ctad/3-answer.md	languages/cpp/syntax/32-class-templates-and-ctad/3-answer.md
cs/foundations/languages/cpp/syntax/33-template-specialization-and-partial-specialization/1-question.md	languages/cpp/syntax/33-template-specialization-and-partial-specialization/1-question.md
cs/foundations/languages/cpp/syntax/33-template-specialization-and-partial-specialization/2-summary.md	languages/cpp/syntax/33-template-specialization-and-partial-specialization/2-summary.md
cs/foundations/languages/cpp/syntax/33-template-specialization-and-partial-specialization/3-answer.md	languages/cpp/syntax/33-template-specialization-and-partial-specialization/3-answer.md
cs/foundations/languages/cpp/syntax/34-variadic-templates-and-pack-expansion/1-question.md	languages/cpp/syntax/34-variadic-templates-and-pack-expansion/1-question.md
cs/foundations/languages/cpp/syntax/34-variadic-templates-and-pack-expansion/2-summary.md	languages/cpp/syntax/34-variadic-templates-and-pack-expansion/2-summary.md
cs/foundations/languages/cpp/syntax/34-variadic-templates-and-pack-expansion/3-answer.md	languages/cpp/syntax/34-variadic-templates-and-pack-expansion/3-answer.md
cs/foundations/languages/cpp/syntax/35-instantiation-header-placement-and-reading-errors/1-question.md	languages/cpp/syntax/35-instantiation-header-placement-and-reading-errors/1-question.md
cs/foundations/languages/cpp/syntax/35-instantiation-header-placement-and-reading-errors/2-summary.md	languages/cpp/syntax/35-instantiation-header-placement-and-reading-errors/2-summary.md
cs/foundations/languages/cpp/syntax/35-instantiation-header-placement-and-reading-errors/3-answer.md	languages/cpp/syntax/35-instantiation-header-placement-and-reading-errors/3-answer.md
cs/foundations/languages/cpp/syntax/36-concepts-and-requires/1-question.md	languages/cpp/syntax/36-concepts-and-requires/1-question.md
cs/foundations/languages/cpp/syntax/36-concepts-and-requires/2-summary.md	languages/cpp/syntax/36-concepts-and-requires/2-summary.md
cs/foundations/languages/cpp/syntax/36-concepts-and-requires/3-answer.md	languages/cpp/syntax/36-concepts-and-requires/3-answer.md
cs/foundations/languages/cpp/syntax/37-sfinae-and-enable-if/1-question.md	languages/cpp/syntax/37-sfinae-and-enable-if/1-question.md
cs/foundations/languages/cpp/syntax/37-sfinae-and-enable-if/2-summary.md	languages/cpp/syntax/37-sfinae-and-enable-if/2-summary.md
cs/foundations/languages/cpp/syntax/37-sfinae-and-enable-if/3-answer.md	languages/cpp/syntax/37-sfinae-and-enable-if/3-answer.md
cs/foundations/languages/cpp/syntax/38-constexpr-consteval-and-constinit/1-question.md	languages/cpp/syntax/38-constexpr-consteval-and-constinit/1-question.md
cs/foundations/languages/cpp/syntax/38-constexpr-consteval-and-constinit/2-summary.md	languages/cpp/syntax/38-constexpr-consteval-and-constinit/2-summary.md
cs/foundations/languages/cpp/syntax/38-constexpr-consteval-and-constinit/3-answer.md	languages/cpp/syntax/38-constexpr-consteval-and-constinit/3-answer.md
cs/foundations/languages/cpp/syntax/39-lambdas-and-captures/1-question.md	languages/cpp/syntax/39-lambdas-and-captures/1-question.md
cs/foundations/languages/cpp/syntax/39-lambdas-and-captures/2-summary.md	languages/cpp/syntax/39-lambdas-and-captures/2-summary.md
cs/foundations/languages/cpp/syntax/39-lambdas-and-captures/3-answer.md	languages/cpp/syntax/39-lambdas-and-captures/3-answer.md
cs/foundations/languages/cpp/syntax/40-std-function-function-objects-and-callable-types/1-question.md	languages/cpp/syntax/40-std-function-function-objects-and-callable-types/1-question.md
cs/foundations/languages/cpp/syntax/40-std-function-function-objects-and-callable-types/2-summary.md	languages/cpp/syntax/40-std-function-function-objects-and-callable-types/2-summary.md
cs/foundations/languages/cpp/syntax/40-std-function-function-objects-and-callable-types/3-answer.md	languages/cpp/syntax/40-std-function-function-objects-and-callable-types/3-answer.md
cs/foundations/languages/cpp/syntax/41-choosing-sequence-containers/1-question.md	languages/cpp/syntax/41-choosing-sequence-containers/1-question.md
cs/foundations/languages/cpp/syntax/41-choosing-sequence-containers/2-summary.md	languages/cpp/syntax/41-choosing-sequence-containers/2-summary.md
cs/foundations/languages/cpp/syntax/41-choosing-sequence-containers/3-answer.md	languages/cpp/syntax/41-choosing-sequence-containers/3-answer.md
cs/foundations/languages/cpp/syntax/42-associative-containers-ordered-vs-hashed/1-question.md	languages/cpp/syntax/42-associative-containers-ordered-vs-hashed/1-question.md
cs/foundations/languages/cpp/syntax/42-associative-containers-ordered-vs-hashed/2-summary.md	languages/cpp/syntax/42-associative-containers-ordered-vs-hashed/2-summary.md
cs/foundations/languages/cpp/syntax/42-associative-containers-ordered-vs-hashed/3-answer.md	languages/cpp/syntax/42-associative-containers-ordered-vs-hashed/3-answer.md
cs/foundations/languages/cpp/syntax/43-iterator-categories-and-invalidation-rules/1-question.md	languages/cpp/syntax/43-iterator-categories-and-invalidation-rules/1-question.md
cs/foundations/languages/cpp/syntax/43-iterator-categories-and-invalidation-rules/2-summary.md	languages/cpp/syntax/43-iterator-categories-and-invalidation-rules/2-summary.md
cs/foundations/languages/cpp/syntax/43-iterator-categories-and-invalidation-rules/3-answer.md	languages/cpp/syntax/43-iterator-categories-and-invalidation-rules/3-answer.md
cs/foundations/languages/cpp/syntax/README.md	languages/cpp/syntax/README.md
cs/foundations/languages/csharp/syntax/01-value-types-and-reference-types/1-question.md	languages/csharp/syntax/01-value-types-and-reference-types/1-question.md
cs/foundations/languages/csharp/syntax/01-value-types-and-reference-types/2-summary.md	languages/csharp/syntax/01-value-types-and-reference-types/2-summary.md
cs/foundations/languages/csharp/syntax/01-value-types-and-reference-types/3-answer.md	languages/csharp/syntax/01-value-types-and-reference-types/3-answer.md
cs/foundations/languages/csharp/syntax/02-struct-vs-class-choosing/1-question.md	languages/csharp/syntax/02-struct-vs-class-choosing/1-question.md
cs/foundations/languages/csharp/syntax/02-struct-vs-class-choosing/2-summary.md	languages/csharp/syntax/02-struct-vs-class-choosing/2-summary.md
cs/foundations/languages/csharp/syntax/02-struct-vs-class-choosing/3-answer.md	languages/csharp/syntax/02-struct-vs-class-choosing/3-answer.md
cs/foundations/languages/csharp/syntax/03-boxing-and-unboxing/1-question.md	languages/csharp/syntax/03-boxing-and-unboxing/1-question.md
cs/foundations/languages/csharp/syntax/03-boxing-and-unboxing/2-summary.md	languages/csharp/syntax/03-boxing-and-unboxing/2-summary.md
cs/foundations/languages/csharp/syntax/03-boxing-and-unboxing/3-answer.md	languages/csharp/syntax/03-boxing-and-unboxing/3-answer.md
cs/foundations/languages/csharp/syntax/04-var-and-target-typed-new/1-question.md	languages/csharp/syntax/04-var-and-target-typed-new/1-question.md
cs/foundations/languages/csharp/syntax/04-var-and-target-typed-new/2-summary.md	languages/csharp/syntax/04-var-and-target-typed-new/2-summary.md
cs/foundations/languages/csharp/syntax/04-var-and-target-typed-new/3-answer.md	languages/csharp/syntax/04-var-and-target-typed-new/3-answer.md
cs/foundations/languages/csharp/syntax/05-numeric-types-checked-decimal/1-question.md	languages/csharp/syntax/05-numeric-types-checked-decimal/1-question.md
cs/foundations/languages/csharp/syntax/05-numeric-types-checked-decimal/2-summary.md	languages/csharp/syntax/05-numeric-types-checked-decimal/2-summary.md
cs/foundations/languages/csharp/syntax/05-numeric-types-checked-decimal/3-answer.md	languages/csharp/syntax/05-numeric-types-checked-decimal/3-answer.md
cs/foundations/languages/csharp/syntax/06-nullable-reference-types/1-question.md	languages/csharp/syntax/06-nullable-reference-types/1-question.md
cs/foundations/languages/csharp/syntax/06-nullable-reference-types/2-summary.md	languages/csharp/syntax/06-nullable-reference-types/2-summary.md
cs/foundations/languages/csharp/syntax/06-nullable-reference-types/3-answer.md	languages/csharp/syntax/06-nullable-reference-types/3-answer.md
cs/foundations/languages/csharp/syntax/07-null-operators/1-question.md	languages/csharp/syntax/07-null-operators/1-question.md
cs/foundations/languages/csharp/syntax/07-null-operators/2-summary.md	languages/csharp/syntax/07-null-operators/2-summary.md
cs/foundations/languages/csharp/syntax/07-null-operators/3-answer.md	languages/csharp/syntax/07-null-operators/3-answer.md
cs/foundations/languages/csharp/syntax/08-nullable-value-types/1-question.md	languages/csharp/syntax/08-nullable-value-types/1-question.md
cs/foundations/languages/csharp/syntax/08-nullable-value-types/2-summary.md	languages/csharp/syntax/08-nullable-value-types/2-summary.md
cs/foundations/languages/csharp/syntax/08-nullable-value-types/3-answer.md	languages/csharp/syntax/08-nullable-value-types/3-answer.md
cs/foundations/languages/csharp/syntax/09-arrays-index-and-range/1-question.md	languages/csharp/syntax/09-arrays-index-and-range/1-question.md
cs/foundations/languages/csharp/syntax/09-arrays-index-and-range/2-summary.md	languages/csharp/syntax/09-arrays-index-and-range/2-summary.md
cs/foundations/languages/csharp/syntax/09-arrays-index-and-range/3-answer.md	languages/csharp/syntax/09-arrays-index-and-range/3-answer.md
cs/foundations/languages/csharp/syntax/10-collection-choosing-list-dictionary-hashset-queue-stack/1-question.md	languages/csharp/syntax/10-collection-choosing-list-dictionary-hashset-queue-stack/1-question.md
cs/foundations/languages/csharp/syntax/10-collection-choosing-list-dictionary-hashset-queue-stack/2-summary.md	languages/csharp/syntax/10-collection-choosing-list-dictionary-hashset-queue-stack/2-summary.md
cs/foundations/languages/csharp/syntax/10-collection-choosing-list-dictionary-hashset-queue-stack/3-answer.md	languages/csharp/syntax/10-collection-choosing-list-dictionary-hashset-queue-stack/3-answer.md
cs/foundations/languages/csharp/syntax/11-collection-initializers-and-collection-expressions/1-question.md	languages/csharp/syntax/11-collection-initializers-and-collection-expressions/1-question.md
cs/foundations/languages/csharp/syntax/11-collection-initializers-and-collection-expressions/2-summary.md	languages/csharp/syntax/11-collection-initializers-and-collection-expressions/2-summary.md
cs/foundations/languages/csharp/syntax/11-collection-initializers-and-collection-expressions/3-answer.md	languages/csharp/syntax/11-collection-initializers-and-collection-expressions/3-answer.md
cs/foundations/languages/csharp/syntax/12-class-fields-constructors-this-base/1-question.md	languages/csharp/syntax/12-class-fields-constructors-this-base/1-question.md
cs/foundations/languages/csharp/syntax/12-class-fields-constructors-this-base/2-summary.md	languages/csharp/syntax/12-class-fields-constructors-this-base/2-summary.md
cs/foundations/languages/csharp/syntax/12-class-fields-constructors-this-base/3-answer.md	languages/csharp/syntax/12-class-fields-constructors-this-base/3-answer.md
cs/foundations/languages/csharp/syntax/13-properties-init-required-field/1-question.md	languages/csharp/syntax/13-properties-init-required-field/1-question.md
cs/foundations/languages/csharp/syntax/13-properties-init-required-field/2-summary.md	languages/csharp/syntax/13-properties-init-required-field/2-summary.md
cs/foundations/languages/csharp/syntax/13-properties-init-required-field/3-answer.md	languages/csharp/syntax/13-properties-init-required-field/3-answer.md
cs/foundations/languages/csharp/syntax/14-indexers/1-question.md	languages/csharp/syntax/14-indexers/1-question.md
cs/foundations/languages/csharp/syntax/14-indexers/2-summary.md	languages/csharp/syntax/14-indexers/2-summary.md
cs/foundations/languages/csharp/syntax/14-indexers/3-answer.md	languages/csharp/syntax/14-indexers/3-answer.md
cs/foundations/languages/csharp/syntax/15-access-modifiers-and-assembly-boundary/1-question.md	languages/csharp/syntax/15-access-modifiers-and-assembly-boundary/1-question.md
cs/foundations/languages/csharp/syntax/15-access-modifiers-and-assembly-boundary/2-summary.md	languages/csharp/syntax/15-access-modifiers-and-assembly-boundary/2-summary.md
cs/foundations/languages/csharp/syntax/15-access-modifiers-and-assembly-boundary/3-answer.md	languages/csharp/syntax/15-access-modifiers-and-assembly-boundary/3-answer.md
cs/foundations/languages/csharp/syntax/16-inheritance-virtual-override-abstract-sealed-new/1-question.md	languages/csharp/syntax/16-inheritance-virtual-override-abstract-sealed-new/1-question.md
cs/foundations/languages/csharp/syntax/16-inheritance-virtual-override-abstract-sealed-new/2-summary.md	languages/csharp/syntax/16-inheritance-virtual-override-abstract-sealed-new/2-summary.md
cs/foundations/languages/csharp/syntax/16-inheritance-virtual-override-abstract-sealed-new/3-answer.md	languages/csharp/syntax/16-inheritance-virtual-override-abstract-sealed-new/3-answer.md
cs/foundations/languages/csharp/syntax/17-interfaces-default-members-explicit-implementation/1-question.md	languages/csharp/syntax/17-interfaces-default-members-explicit-implementation/1-question.md
cs/foundations/languages/csharp/syntax/17-interfaces-default-members-explicit-implementation/2-summary.md	languages/csharp/syntax/17-interfaces-default-members-explicit-implementation/2-summary.md
cs/foundations/languages/csharp/syntax/17-interfaces-default-members-explicit-implementation/3-answer.md	languages/csharp/syntax/17-interfaces-default-members-explicit-implementation/3-answer.md
cs/foundations/languages/csharp/syntax/18-record-value-equality-and-with/1-question.md	languages/csharp/syntax/18-record-value-equality-and-with/1-question.md
cs/foundations/languages/csharp/syntax/18-record-value-equality-and-with/2-summary.md	languages/csharp/syntax/18-record-value-equality-and-with/2-summary.md
cs/foundations/languages/csharp/syntax/18-record-value-equality-and-with/3-answer.md	languages/csharp/syntax/18-record-value-equality-and-with/3-answer.md
cs/foundations/languages/csharp/syntax/19-equality-equals-gethashcode-operator/1-question.md	languages/csharp/syntax/19-equality-equals-gethashcode-operator/1-question.md
cs/foundations/languages/csharp/syntax/19-equality-equals-gethashcode-operator/2-summary.md	languages/csharp/syntax/19-equality-equals-gethashcode-operator/2-summary.md
cs/foundations/languages/csharp/syntax/19-equality-equals-gethashcode-operator/3-answer.md	languages/csharp/syntax/19-equality-equals-gethashcode-operator/3-answer.md
cs/foundations/languages/csharp/syntax/20-enum-and-flags/1-question.md	languages/csharp/syntax/20-enum-and-flags/1-question.md
cs/foundations/languages/csharp/syntax/20-enum-and-flags/2-summary.md	languages/csharp/syntax/20-enum-and-flags/2-summary.md
cs/foundations/languages/csharp/syntax/20-enum-and-flags/3-answer.md	languages/csharp/syntax/20-enum-and-flags/3-answer.md
cs/foundations/languages/csharp/syntax/21-pattern-matching-type-property-relational-list/1-question.md	languages/csharp/syntax/21-pattern-matching-type-property-relational-list/1-question.md
cs/foundations/languages/csharp/syntax/21-pattern-matching-type-property-relational-list/2-summary.md	languages/csharp/syntax/21-pattern-matching-type-property-relational-list/2-summary.md
cs/foundations/languages/csharp/syntax/21-pattern-matching-type-property-relational-list/3-answer.md	languages/csharp/syntax/21-pattern-matching-type-property-relational-list/3-answer.md
cs/foundations/languages/csharp/syntax/22-switch-expression-and-switch-statement/1-question.md	languages/csharp/syntax/22-switch-expression-and-switch-statement/1-question.md
cs/foundations/languages/csharp/syntax/22-switch-expression-and-switch-statement/2-summary.md	languages/csharp/syntax/22-switch-expression-and-switch-statement/2-summary.md
cs/foundations/languages/csharp/syntax/22-switch-expression-and-switch-statement/3-answer.md	languages/csharp/syntax/22-switch-expression-and-switch-statement/3-answer.md
cs/foundations/languages/csharp/syntax/23-tuples-and-deconstruction/1-question.md	languages/csharp/syntax/23-tuples-and-deconstruction/1-question.md
cs/foundations/languages/csharp/syntax/23-tuples-and-deconstruction/2-summary.md	languages/csharp/syntax/23-tuples-and-deconstruction/2-summary.md
cs/foundations/languages/csharp/syntax/23-tuples-and-deconstruction/3-answer.md	languages/csharp/syntax/23-tuples-and-deconstruction/3-answer.md
cs/foundations/languages/csharp/syntax/24-generics-and-type-parameters/1-question.md	languages/csharp/syntax/24-generics-and-type-parameters/1-question.md
cs/foundations/languages/csharp/syntax/24-generics-and-type-parameters/2-summary.md	languages/csharp/syntax/24-generics-and-type-parameters/2-summary.md
cs/foundations/languages/csharp/syntax/24-generics-and-type-parameters/3-answer.md	languages/csharp/syntax/24-generics-and-type-parameters/3-answer.md
cs/foundations/languages/csharp/syntax/25-generic-constraints-where-and-default/1-question.md	languages/csharp/syntax/25-generic-constraints-where-and-default/1-question.md
cs/foundations/languages/csharp/syntax/25-generic-constraints-where-and-default/2-summary.md	languages/csharp/syntax/25-generic-constraints-where-and-default/2-summary.md
cs/foundations/languages/csharp/syntax/25-generic-constraints-where-and-default/3-answer.md	languages/csharp/syntax/25-generic-constraints-where-and-default/3-answer.md
cs/foundations/languages/csharp/syntax/26-covariance-and-contravariance-out-in/1-question.md	languages/csharp/syntax/26-covariance-and-contravariance-out-in/1-question.md
cs/foundations/languages/csharp/syntax/26-covariance-and-contravariance-out-in/2-summary.md	languages/csharp/syntax/26-covariance-and-contravariance-out-in/2-summary.md
cs/foundations/languages/csharp/syntax/26-covariance-and-contravariance-out-in/3-answer.md	languages/csharp/syntax/26-covariance-and-contravariance-out-in/3-answer.md
cs/foundations/languages/csharp/syntax/27-delegates-and-func-action/1-question.md	languages/csharp/syntax/27-delegates-and-func-action/1-question.md
cs/foundations/languages/csharp/syntax/27-delegates-and-func-action/2-summary.md	languages/csharp/syntax/27-delegates-and-func-action/2-summary.md
cs/foundations/languages/csharp/syntax/27-delegates-and-func-action/3-answer.md	languages/csharp/syntax/27-delegates-and-func-action/3-answer.md
cs/foundations/languages/csharp/syntax/28-lambdas-and-closure-capture/1-question.md	languages/csharp/syntax/28-lambdas-and-closure-capture/1-question.md
cs/foundations/languages/csharp/syntax/28-lambdas-and-closure-capture/2-summary.md	languages/csharp/syntax/28-lambdas-and-closure-capture/2-summary.md
cs/foundations/languages/csharp/syntax/28-lambdas-and-closure-capture/3-answer.md	languages/csharp/syntax/28-lambdas-and-closure-capture/3-answer.md
cs/foundations/languages/csharp/syntax/29-events-and-event-keyword/1-question.md	languages/csharp/syntax/29-events-and-event-keyword/1-question.md
cs/foundations/languages/csharp/syntax/29-events-and-event-keyword/2-summary.md	languages/csharp/syntax/29-events-and-event-keyword/2-summary.md
cs/foundations/languages/csharp/syntax/29-events-and-event-keyword/3-answer.md	languages/csharp/syntax/29-events-and-event-keyword/3-answer.md
cs/foundations/languages/csharp/syntax/30-extension-methods-and-extension-members/1-question.md	languages/csharp/syntax/30-extension-methods-and-extension-members/1-question.md
cs/foundations/languages/csharp/syntax/30-extension-methods-and-extension-members/2-summary.md	languages/csharp/syntax/30-extension-methods-and-extension-members/2-summary.md
cs/foundations/languages/csharp/syntax/30-extension-methods-and-extension-members/3-answer.md	languages/csharp/syntax/30-extension-methods-and-extension-members/3-answer.md
cs/foundations/languages/csharp/syntax/31-ienumerable-and-foreach/1-question.md	languages/csharp/syntax/31-ienumerable-and-foreach/1-question.md
cs/foundations/languages/csharp/syntax/31-ienumerable-and-foreach/2-summary.md	languages/csharp/syntax/31-ienumerable-and-foreach/2-summary.md
cs/foundations/languages/csharp/syntax/31-ienumerable-and-foreach/3-answer.md	languages/csharp/syntax/31-ienumerable-and-foreach/3-answer.md
cs/foundations/languages/csharp/syntax/32-yield-return-iterators-and-deferred-execution/1-question.md	languages/csharp/syntax/32-yield-return-iterators-and-deferred-execution/1-question.md
cs/foundations/languages/csharp/syntax/32-yield-return-iterators-and-deferred-execution/2-summary.md	languages/csharp/syntax/32-yield-return-iterators-and-deferred-execution/2-summary.md
cs/foundations/languages/csharp/syntax/32-yield-return-iterators-and-deferred-execution/3-answer.md	languages/csharp/syntax/32-yield-return-iterators-and-deferred-execution/3-answer.md
cs/foundations/languages/csharp/syntax/33-linq-method-syntax-and-deferred-execution/1-question.md	languages/csharp/syntax/33-linq-method-syntax-and-deferred-execution/1-question.md
cs/foundations/languages/csharp/syntax/33-linq-method-syntax-and-deferred-execution/2-summary.md	languages/csharp/syntax/33-linq-method-syntax-and-deferred-execution/2-summary.md
cs/foundations/languages/csharp/syntax/33-linq-method-syntax-and-deferred-execution/3-answer.md	languages/csharp/syntax/33-linq-method-syntax-and-deferred-execution/3-answer.md
cs/foundations/languages/csharp/syntax/34-linq-query-syntax/1-question.md	languages/csharp/syntax/34-linq-query-syntax/1-question.md
cs/foundations/languages/csharp/syntax/34-linq-query-syntax/2-summary.md	languages/csharp/syntax/34-linq-query-syntax/2-summary.md
cs/foundations/languages/csharp/syntax/34-linq-query-syntax/3-answer.md	languages/csharp/syntax/34-linq-query-syntax/3-answer.md
cs/foundations/languages/csharp/syntax/35-linq-grouping-joins-and-aggregation/1-question.md	languages/csharp/syntax/35-linq-grouping-joins-and-aggregation/1-question.md
cs/foundations/languages/csharp/syntax/35-linq-grouping-joins-and-aggregation/2-summary.md	languages/csharp/syntax/35-linq-grouping-joins-and-aggregation/2-summary.md
cs/foundations/languages/csharp/syntax/35-linq-grouping-joins-and-aggregation/3-answer.md	languages/csharp/syntax/35-linq-grouping-joins-and-aggregation/3-answer.md
cs/foundations/languages/csharp/syntax/36-iqueryable-and-expression-trees/1-question.md	languages/csharp/syntax/36-iqueryable-and-expression-trees/1-question.md
cs/foundations/languages/csharp/syntax/36-iqueryable-and-expression-trees/2-summary.md	languages/csharp/syntax/36-iqueryable-and-expression-trees/2-summary.md
cs/foundations/languages/csharp/syntax/36-iqueryable-and-expression-trees/3-answer.md	languages/csharp/syntax/36-iqueryable-and-expression-trees/3-answer.md
cs/foundations/languages/csharp/syntax/README.md	languages/csharp/syntax/README.md
cs/foundations/languages/css/syntax/01-cascade-and-priority/1-question.md	languages/css/syntax/01-cascade-and-priority/1-question.md
cs/foundations/languages/css/syntax/01-cascade-and-priority/2-summary.md	languages/css/syntax/01-cascade-and-priority/2-summary.md
cs/foundations/languages/css/syntax/01-cascade-and-priority/3-answer.md	languages/css/syntax/01-cascade-and-priority/3-answer.md
cs/foundations/languages/css/syntax/02-specificity/1-question.md	languages/css/syntax/02-specificity/1-question.md
cs/foundations/languages/css/syntax/02-specificity/2-summary.md	languages/css/syntax/02-specificity/2-summary.md
cs/foundations/languages/css/syntax/02-specificity/3-answer.md	languages/css/syntax/02-specificity/3-answer.md
cs/foundations/languages/css/syntax/03-inheritance-and-global-keywords/1-question.md	languages/css/syntax/03-inheritance-and-global-keywords/1-question.md
cs/foundations/languages/css/syntax/03-inheritance-and-global-keywords/2-summary.md	languages/css/syntax/03-inheritance-and-global-keywords/2-summary.md
cs/foundations/languages/css/syntax/03-inheritance-and-global-keywords/3-answer.md	languages/css/syntax/03-inheritance-and-global-keywords/3-answer.md
cs/foundations/languages/css/syntax/04-value-processing-stages/1-question.md	languages/css/syntax/04-value-processing-stages/1-question.md
cs/foundations/languages/css/syntax/04-value-processing-stages/2-summary.md	languages/css/syntax/04-value-processing-stages/2-summary.md
cs/foundations/languages/css/syntax/04-value-processing-stages/3-answer.md	languages/css/syntax/04-value-processing-stages/3-answer.md
cs/foundations/languages/css/syntax/05-cascade-layers/1-question.md	languages/css/syntax/05-cascade-layers/1-question.md
cs/foundations/languages/css/syntax/05-cascade-layers/2-summary.md	languages/css/syntax/05-cascade-layers/2-summary.md
cs/foundations/languages/css/syntax/05-cascade-layers/3-answer.md	languages/css/syntax/05-cascade-layers/3-answer.md
cs/foundations/languages/css/syntax/06-scope/1-question.md	languages/css/syntax/06-scope/1-question.md
cs/foundations/languages/css/syntax/06-scope/2-summary.md	languages/css/syntax/06-scope/2-summary.md
cs/foundations/languages/css/syntax/06-scope/3-answer.md	languages/css/syntax/06-scope/3-answer.md
cs/foundations/languages/css/syntax/07-syntax-and-error-recovery/1-question.md	languages/css/syntax/07-syntax-and-error-recovery/1-question.md
cs/foundations/languages/css/syntax/07-syntax-and-error-recovery/2-summary.md	languages/css/syntax/07-syntax-and-error-recovery/2-summary.md
cs/foundations/languages/css/syntax/07-syntax-and-error-recovery/3-answer.md	languages/css/syntax/07-syntax-and-error-recovery/3-answer.md
cs/foundations/languages/css/syntax/08-basic-selectors-and-combinators/1-question.md	languages/css/syntax/08-basic-selectors-and-combinators/1-question.md
cs/foundations/languages/css/syntax/08-basic-selectors-and-combinators/2-summary.md	languages/css/syntax/08-basic-selectors-and-combinators/2-summary.md
cs/foundations/languages/css/syntax/08-basic-selectors-and-combinators/3-answer.md	languages/css/syntax/08-basic-selectors-and-combinators/3-answer.md
cs/foundations/languages/css/syntax/09-structural-pseudo-classes/1-question.md	languages/css/syntax/09-structural-pseudo-classes/1-question.md
cs/foundations/languages/css/syntax/09-structural-pseudo-classes/2-summary.md	languages/css/syntax/09-structural-pseudo-classes/2-summary.md
cs/foundations/languages/css/syntax/09-structural-pseudo-classes/3-answer.md	languages/css/syntax/09-structural-pseudo-classes/3-answer.md
cs/foundations/languages/css/syntax/10-state-and-form-pseudo-classes/1-question.md	languages/css/syntax/10-state-and-form-pseudo-classes/1-question.md
cs/foundations/languages/css/syntax/10-state-and-form-pseudo-classes/2-summary.md	languages/css/syntax/10-state-and-form-pseudo-classes/2-summary.md
cs/foundations/languages/css/syntax/10-state-and-form-pseudo-classes/3-answer.md	languages/css/syntax/10-state-and-form-pseudo-classes/3-answer.md
cs/foundations/languages/css/syntax/11-is-where-not/1-question.md	languages/css/syntax/11-is-where-not/1-question.md
cs/foundations/languages/css/syntax/11-is-where-not/2-summary.md	languages/css/syntax/11-is-where-not/2-summary.md
cs/foundations/languages/css/syntax/11-is-where-not/3-answer.md	languages/css/syntax/11-is-where-not/3-answer.md
cs/foundations/languages/css/syntax/12-has-relational-selector/1-question.md	languages/css/syntax/12-has-relational-selector/1-question.md
cs/foundations/languages/css/syntax/12-has-relational-selector/2-summary.md	languages/css/syntax/12-has-relational-selector/2-summary.md
cs/foundations/languages/css/syntax/12-has-relational-selector/3-answer.md	languages/css/syntax/12-has-relational-selector/3-answer.md
cs/foundations/languages/css/syntax/13-pseudo-elements-and-generated-content/1-question.md	languages/css/syntax/13-pseudo-elements-and-generated-content/1-question.md
cs/foundations/languages/css/syntax/13-pseudo-elements-and-generated-content/2-summary.md	languages/css/syntax/13-pseudo-elements-and-generated-content/2-summary.md
cs/foundations/languages/css/syntax/13-pseudo-elements-and-generated-content/3-answer.md	languages/css/syntax/13-pseudo-elements-and-generated-content/3-answer.md
cs/foundations/languages/css/syntax/14-css-nesting/1-question.md	languages/css/syntax/14-css-nesting/1-question.md
cs/foundations/languages/css/syntax/14-css-nesting/2-summary.md	languages/css/syntax/14-css-nesting/2-summary.md
cs/foundations/languages/css/syntax/14-css-nesting/3-answer.md	languages/css/syntax/14-css-nesting/3-answer.md
cs/foundations/languages/css/syntax/15-box-model-and-box-sizing/1-question.md	languages/css/syntax/15-box-model-and-box-sizing/1-question.md
cs/foundations/languages/css/syntax/15-box-model-and-box-sizing/2-summary.md	languages/css/syntax/15-box-model-and-box-sizing/2-summary.md
cs/foundations/languages/css/syntax/15-box-model-and-box-sizing/3-answer.md	languages/css/syntax/15-box-model-and-box-sizing/3-answer.md
cs/foundations/languages/css/syntax/16-display-inner-outer/1-question.md	languages/css/syntax/16-display-inner-outer/1-question.md
cs/foundations/languages/css/syntax/16-display-inner-outer/2-summary.md	languages/css/syntax/16-display-inner-outer/2-summary.md
cs/foundations/languages/css/syntax/16-display-inner-outer/3-answer.md	languages/css/syntax/16-display-inner-outer/3-answer.md
cs/foundations/languages/css/syntax/17-block-formatting-context/1-question.md	languages/css/syntax/17-block-formatting-context/1-question.md
cs/foundations/languages/css/syntax/17-block-formatting-context/2-summary.md	languages/css/syntax/17-block-formatting-context/2-summary.md
cs/foundations/languages/css/syntax/17-block-formatting-context/3-answer.md	languages/css/syntax/17-block-formatting-context/3-answer.md
cs/foundations/languages/css/syntax/18-margin-collapsing/1-question.md	languages/css/syntax/18-margin-collapsing/1-question.md
cs/foundations/languages/css/syntax/18-margin-collapsing/2-summary.md	languages/css/syntax/18-margin-collapsing/2-summary.md
cs/foundations/languages/css/syntax/18-margin-collapsing/3-answer.md	languages/css/syntax/18-margin-collapsing/3-answer.md
cs/foundations/languages/css/syntax/19-inline-formatting-context/1-question.md	languages/css/syntax/19-inline-formatting-context/1-question.md
cs/foundations/languages/css/syntax/19-inline-formatting-context/2-summary.md	languages/css/syntax/19-inline-formatting-context/2-summary.md
cs/foundations/languages/css/syntax/19-inline-formatting-context/3-answer.md	languages/css/syntax/19-inline-formatting-context/3-answer.md
cs/foundations/languages/css/syntax/20-float-and-clear/1-question.md	languages/css/syntax/20-float-and-clear/1-question.md
cs/foundations/languages/css/syntax/20-float-and-clear/2-summary.md	languages/css/syntax/20-float-and-clear/2-summary.md
cs/foundations/languages/css/syntax/20-float-and-clear/3-answer.md	languages/css/syntax/20-float-and-clear/3-answer.md
cs/foundations/languages/css/syntax/21-position-and-containing-block/1-question.md	languages/css/syntax/21-position-and-containing-block/1-question.md
cs/foundations/languages/css/syntax/21-position-and-containing-block/2-summary.md	languages/css/syntax/21-position-and-containing-block/2-summary.md
cs/foundations/languages/css/syntax/21-position-and-containing-block/3-answer.md	languages/css/syntax/21-position-and-containing-block/3-answer.md
cs/foundations/languages/css/syntax/22-stacking-context-and-z-index/1-question.md	languages/css/syntax/22-stacking-context-and-z-index/1-question.md
cs/foundations/languages/css/syntax/22-stacking-context-and-z-index/2-summary.md	languages/css/syntax/22-stacking-context-and-z-index/2-summary.md
cs/foundations/languages/css/syntax/22-stacking-context-and-z-index/3-answer.md	languages/css/syntax/22-stacking-context-and-z-index/3-answer.md
cs/foundations/languages/css/syntax/23-overflow-and-scroll-containers/1-question.md	languages/css/syntax/23-overflow-and-scroll-containers/1-question.md
cs/foundations/languages/css/syntax/23-overflow-and-scroll-containers/2-summary.md	languages/css/syntax/23-overflow-and-scroll-containers/2-summary.md
cs/foundations/languages/css/syntax/23-overflow-and-scroll-containers/3-answer.md	languages/css/syntax/23-overflow-and-scroll-containers/3-answer.md
cs/foundations/languages/css/syntax/24-flexbox-axes/1-question.md	languages/css/syntax/24-flexbox-axes/1-question.md
cs/foundations/languages/css/syntax/24-flexbox-axes/2-summary.md	languages/css/syntax/24-flexbox-axes/2-summary.md
cs/foundations/languages/css/syntax/24-flexbox-axes/3-answer.md	languages/css/syntax/24-flexbox-axes/3-answer.md
cs/foundations/languages/css/syntax/25-flex-shorthand-and-sizing/1-question.md	languages/css/syntax/25-flex-shorthand-and-sizing/1-question.md
cs/foundations/languages/css/syntax/25-flex-shorthand-and-sizing/2-summary.md	languages/css/syntax/25-flex-shorthand-and-sizing/2-summary.md
cs/foundations/languages/css/syntax/25-flex-shorthand-and-sizing/3-answer.md	languages/css/syntax/25-flex-shorthand-and-sizing/3-answer.md
cs/foundations/languages/css/syntax/26-flex-wrap-gap-order/1-question.md	languages/css/syntax/26-flex-wrap-gap-order/1-question.md
cs/foundations/languages/css/syntax/26-flex-wrap-gap-order/2-summary.md	languages/css/syntax/26-flex-wrap-gap-order/2-summary.md
cs/foundations/languages/css/syntax/26-flex-wrap-gap-order/3-answer.md	languages/css/syntax/26-flex-wrap-gap-order/3-answer.md
cs/foundations/languages/css/syntax/27-grid-track-sizing/1-question.md	languages/css/syntax/27-grid-track-sizing/1-question.md
cs/foundations/languages/css/syntax/27-grid-track-sizing/2-summary.md	languages/css/syntax/27-grid-track-sizing/2-summary.md
cs/foundations/languages/css/syntax/27-grid-track-sizing/3-answer.md	languages/css/syntax/27-grid-track-sizing/3-answer.md
cs/foundations/languages/css/syntax/28-grid-placement/1-question.md	languages/css/syntax/28-grid-placement/1-question.md
cs/foundations/languages/css/syntax/28-grid-placement/2-summary.md	languages/css/syntax/28-grid-placement/2-summary.md
cs/foundations/languages/css/syntax/28-grid-placement/3-answer.md	languages/css/syntax/28-grid-placement/3-answer.md
cs/foundations/languages/css/syntax/29-grid-template-areas/1-question.md	languages/css/syntax/29-grid-template-areas/1-question.md
cs/foundations/languages/css/syntax/29-grid-template-areas/2-summary.md	languages/css/syntax/29-grid-template-areas/2-summary.md
cs/foundations/languages/css/syntax/29-grid-template-areas/3-answer.md	languages/css/syntax/29-grid-template-areas/3-answer.md
cs/foundations/languages/css/syntax/30-subgrid/1-question.md	languages/css/syntax/30-subgrid/1-question.md
cs/foundations/languages/css/syntax/30-subgrid/2-summary.md	languages/css/syntax/30-subgrid/2-summary.md
cs/foundations/languages/css/syntax/30-subgrid/3-answer.md	languages/css/syntax/30-subgrid/3-answer.md
cs/foundations/languages/css/syntax/31-intrinsic-sizing-and-aspect-ratio/1-question.md	languages/css/syntax/31-intrinsic-sizing-and-aspect-ratio/1-question.md
cs/foundations/languages/css/syntax/31-intrinsic-sizing-and-aspect-ratio/2-summary.md	languages/css/syntax/31-intrinsic-sizing-and-aspect-ratio/2-summary.md
cs/foundations/languages/css/syntax/31-intrinsic-sizing-and-aspect-ratio/3-answer.md	languages/css/syntax/31-intrinsic-sizing-and-aspect-ratio/3-answer.md
cs/foundations/languages/css/syntax/32-logical-properties-and-writing-mode/1-question.md	languages/css/syntax/32-logical-properties-and-writing-mode/1-question.md
cs/foundations/languages/css/syntax/32-logical-properties-and-writing-mode/2-summary.md	languages/css/syntax/32-logical-properties-and-writing-mode/2-summary.md
cs/foundations/languages/css/syntax/32-logical-properties-and-writing-mode/3-answer.md	languages/css/syntax/32-logical-properties-and-writing-mode/3-answer.md
cs/foundations/languages/css/syntax/33-length-units/1-question.md	languages/css/syntax/33-length-units/1-question.md
cs/foundations/languages/css/syntax/33-length-units/2-summary.md	languages/css/syntax/33-length-units/2-summary.md
cs/foundations/languages/css/syntax/33-length-units/3-answer.md	languages/css/syntax/33-length-units/3-answer.md
cs/foundations/languages/css/syntax/34-viewport-and-container-units/1-question.md	languages/css/syntax/34-viewport-and-container-units/1-question.md
cs/foundations/languages/css/syntax/34-viewport-and-container-units/2-summary.md	languages/css/syntax/34-viewport-and-container-units/2-summary.md
cs/foundations/languages/css/syntax/34-viewport-and-container-units/3-answer.md	languages/css/syntax/34-viewport-and-container-units/3-answer.md
cs/foundations/languages/css/syntax/35-calc-clamp-min-max/1-question.md	languages/css/syntax/35-calc-clamp-min-max/1-question.md
cs/foundations/languages/css/syntax/35-calc-clamp-min-max/2-summary.md	languages/css/syntax/35-calc-clamp-min-max/2-summary.md
cs/foundations/languages/css/syntax/35-calc-clamp-min-max/3-answer.md	languages/css/syntax/35-calc-clamp-min-max/3-answer.md
cs/foundations/languages/css/syntax/36-custom-properties/1-question.md	languages/css/syntax/36-custom-properties/1-question.md
cs/foundations/languages/css/syntax/36-custom-properties/2-summary.md	languages/css/syntax/36-custom-properties/2-summary.md
cs/foundations/languages/css/syntax/36-custom-properties/3-answer.md	languages/css/syntax/36-custom-properties/3-answer.md
cs/foundations/languages/css/syntax/37-at-property/1-question.md	languages/css/syntax/37-at-property/1-question.md
cs/foundations/languages/css/syntax/37-at-property/2-summary.md	languages/css/syntax/37-at-property/2-summary.md
cs/foundations/languages/css/syntax/37-at-property/3-answer.md	languages/css/syntax/37-at-property/3-answer.md
cs/foundations/languages/css/syntax/38-media-queries/1-question.md	languages/css/syntax/38-media-queries/1-question.md
cs/foundations/languages/css/syntax/38-media-queries/2-summary.md	languages/css/syntax/38-media-queries/2-summary.md
cs/foundations/languages/css/syntax/38-media-queries/3-answer.md	languages/css/syntax/38-media-queries/3-answer.md
cs/foundations/languages/css/syntax/39-color-scheme-and-preferences/1-question.md	languages/css/syntax/39-color-scheme-and-preferences/1-question.md
cs/foundations/languages/css/syntax/39-color-scheme-and-preferences/2-summary.md	languages/css/syntax/39-color-scheme-and-preferences/2-summary.md
cs/foundations/languages/css/syntax/39-color-scheme-and-preferences/3-answer.md	languages/css/syntax/39-color-scheme-and-preferences/3-answer.md
cs/foundations/languages/css/syntax/40-container-and-style-queries/1-question.md	languages/css/syntax/40-container-and-style-queries/1-question.md
cs/foundations/languages/css/syntax/40-container-and-style-queries/2-summary.md	languages/css/syntax/40-container-and-style-queries/2-summary.md
cs/foundations/languages/css/syntax/40-container-and-style-queries/3-answer.md	languages/css/syntax/40-container-and-style-queries/3-answer.md
cs/foundations/languages/css/syntax/41-supports-feature-queries/1-question.md	languages/css/syntax/41-supports-feature-queries/1-question.md
cs/foundations/languages/css/syntax/41-supports-feature-queries/2-summary.md	languages/css/syntax/41-supports-feature-queries/2-summary.md
cs/foundations/languages/css/syntax/41-supports-feature-queries/3-answer.md	languages/css/syntax/41-supports-feature-queries/3-answer.md
cs/foundations/languages/css/syntax/42-color-notation-and-spaces/1-question.md	languages/css/syntax/42-color-notation-and-spaces/1-question.md
cs/foundations/languages/css/syntax/42-color-notation-and-spaces/2-summary.md	languages/css/syntax/42-color-notation-and-spaces/2-summary.md
cs/foundations/languages/css/syntax/42-color-notation-and-spaces/3-answer.md	languages/css/syntax/42-color-notation-and-spaces/3-answer.md
cs/foundations/languages/css/syntax/43-color-mix-and-relative-color/1-question.md	languages/css/syntax/43-color-mix-and-relative-color/1-question.md
cs/foundations/languages/css/syntax/43-color-mix-and-relative-color/2-summary.md	languages/css/syntax/43-color-mix-and-relative-color/2-summary.md
cs/foundations/languages/css/syntax/43-color-mix-and-relative-color/3-answer.md	languages/css/syntax/43-color-mix-and-relative-color/3-answer.md
cs/foundations/languages/css/syntax/44-backgrounds-and-object-fit/1-question.md	languages/css/syntax/44-backgrounds-and-object-fit/1-question.md
cs/foundations/languages/css/syntax/44-backgrounds-and-object-fit/2-summary.md	languages/css/syntax/44-backgrounds-and-object-fit/2-summary.md
cs/foundations/languages/css/syntax/44-backgrounds-and-object-fit/3-answer.md	languages/css/syntax/44-backgrounds-and-object-fit/3-answer.md
cs/foundations/languages/css/syntax/45-gradients-and-interpolation/1-question.md	languages/css/syntax/45-gradients-and-interpolation/1-question.md
cs/foundations/languages/css/syntax/45-gradients-and-interpolation/2-summary.md	languages/css/syntax/45-gradients-and-interpolation/2-summary.md
cs/foundations/languages/css/syntax/45-gradients-and-interpolation/3-answer.md	languages/css/syntax/45-gradients-and-interpolation/3-answer.md
cs/foundations/languages/css/syntax/46-borders-radius-outline-shadow/1-question.md	languages/css/syntax/46-borders-radius-outline-shadow/1-question.md
cs/foundations/languages/css/syntax/46-borders-radius-outline-shadow/2-summary.md	languages/css/syntax/46-borders-radius-outline-shadow/2-summary.md
cs/foundations/languages/css/syntax/46-borders-radius-outline-shadow/3-answer.md	languages/css/syntax/46-borders-radius-outline-shadow/3-answer.md
cs/foundations/languages/css/syntax/47-filter-and-backdrop-filter/1-question.md	languages/css/syntax/47-filter-and-backdrop-filter/1-question.md
cs/foundations/languages/css/syntax/47-filter-and-backdrop-filter/2-summary.md	languages/css/syntax/47-filter-and-backdrop-filter/2-summary.md
cs/foundations/languages/css/syntax/47-filter-and-backdrop-filter/3-answer.md	languages/css/syntax/47-filter-and-backdrop-filter/3-answer.md
cs/foundations/languages/css/syntax/48-blend-modes-and-isolation/1-question.md	languages/css/syntax/48-blend-modes-and-isolation/1-question.md
cs/foundations/languages/css/syntax/48-blend-modes-and-isolation/2-summary.md	languages/css/syntax/48-blend-modes-and-isolation/2-summary.md
cs/foundations/languages/css/syntax/48-blend-modes-and-isolation/3-answer.md	languages/css/syntax/48-blend-modes-and-isolation/3-answer.md
cs/foundations/languages/css/syntax/49-clip-path-and-mask/1-question.md	languages/css/syntax/49-clip-path-and-mask/1-question.md
cs/foundations/languages/css/syntax/49-clip-path-and-mask/2-summary.md	languages/css/syntax/49-clip-path-and-mask/2-summary.md
cs/foundations/languages/css/syntax/49-clip-path-and-mask/3-answer.md	languages/css/syntax/49-clip-path-and-mask/3-answer.md
cs/foundations/languages/css/syntax/50-fonts-and-webfonts/1-question.md	languages/css/syntax/50-fonts-and-webfonts/1-question.md
cs/foundations/languages/css/syntax/50-fonts-and-webfonts/2-summary.md	languages/css/syntax/50-fonts-and-webfonts/2-summary.md
cs/foundations/languages/css/syntax/50-fonts-and-webfonts/3-answer.md	languages/css/syntax/50-fonts-and-webfonts/3-answer.md
cs/foundations/languages/css/syntax/51-text-wrapping-and-decoration/1-question.md	languages/css/syntax/51-text-wrapping-and-decoration/1-question.md
cs/foundations/languages/css/syntax/51-text-wrapping-and-decoration/2-summary.md	languages/css/syntax/51-text-wrapping-and-decoration/2-summary.md
cs/foundations/languages/css/syntax/51-text-wrapping-and-decoration/3-answer.md	languages/css/syntax/51-text-wrapping-and-decoration/3-answer.md
cs/foundations/languages/css/syntax/52-transition/1-question.md	languages/css/syntax/52-transition/1-question.md
cs/foundations/languages/css/syntax/52-transition/2-summary.md	languages/css/syntax/52-transition/2-summary.md
cs/foundations/languages/css/syntax/52-transition/3-answer.md	languages/css/syntax/52-transition/3-answer.md
cs/foundations/languages/css/syntax/53-keyframes-and-animation/1-question.md	languages/css/syntax/53-keyframes-and-animation/1-question.md
cs/foundations/languages/css/syntax/53-keyframes-and-animation/2-summary.md	languages/css/syntax/53-keyframes-and-animation/2-summary.md
cs/foundations/languages/css/syntax/53-keyframes-and-animation/3-answer.md	languages/css/syntax/53-keyframes-and-animation/3-answer.md
cs/foundations/languages/css/syntax/54-transform-2d-and-origin/1-question.md	languages/css/syntax/54-transform-2d-and-origin/1-question.md
cs/foundations/languages/css/syntax/54-transform-2d-and-origin/2-summary.md	languages/css/syntax/54-transform-2d-and-origin/2-summary.md
cs/foundations/languages/css/syntax/54-transform-2d-and-origin/3-answer.md	languages/css/syntax/54-transform-2d-and-origin/3-answer.md
cs/foundations/languages/css/syntax/55-3d-transforms/1-question.md	languages/css/syntax/55-3d-transforms/1-question.md
cs/foundations/languages/css/syntax/55-3d-transforms/2-summary.md	languages/css/syntax/55-3d-transforms/2-summary.md
cs/foundations/languages/css/syntax/55-3d-transforms/3-answer.md	languages/css/syntax/55-3d-transforms/3-answer.md
cs/foundations/languages/css/syntax/56-rendering-pipeline-and-will-change/1-question.md	languages/css/syntax/56-rendering-pipeline-and-will-change/1-question.md
cs/foundations/languages/css/syntax/56-rendering-pipeline-and-will-change/2-summary.md	languages/css/syntax/56-rendering-pipeline-and-will-change/2-summary.md
cs/foundations/languages/css/syntax/56-rendering-pipeline-and-will-change/3-answer.md	languages/css/syntax/56-rendering-pipeline-and-will-change/3-answer.md
cs/foundations/languages/css/syntax/57-starting-style-and-entry-exit-transitions/1-question.md	languages/css/syntax/57-starting-style-and-entry-exit-transitions/1-question.md
cs/foundations/languages/css/syntax/57-starting-style-and-entry-exit-transitions/2-summary.md	languages/css/syntax/57-starting-style-and-entry-exit-transitions/2-summary.md
cs/foundations/languages/css/syntax/57-starting-style-and-entry-exit-transitions/3-answer.md	languages/css/syntax/57-starting-style-and-entry-exit-transitions/3-answer.md
cs/foundations/languages/css/syntax/58-scroll-driven-animations/1-question.md	languages/css/syntax/58-scroll-driven-animations/1-question.md
cs/foundations/languages/css/syntax/58-scroll-driven-animations/2-summary.md	languages/css/syntax/58-scroll-driven-animations/2-summary.md
cs/foundations/languages/css/syntax/58-scroll-driven-animations/3-answer.md	languages/css/syntax/58-scroll-driven-animations/3-answer.md
cs/foundations/languages/css/syntax/59-view-transitions/1-question.md	languages/css/syntax/59-view-transitions/1-question.md
cs/foundations/languages/css/syntax/59-view-transitions/2-summary.md	languages/css/syntax/59-view-transitions/2-summary.md
cs/foundations/languages/css/syntax/59-view-transitions/3-answer.md	languages/css/syntax/59-view-transitions/3-answer.md
cs/foundations/languages/css/syntax/60-prefers-reduced-motion/1-question.md	languages/css/syntax/60-prefers-reduced-motion/1-question.md
cs/foundations/languages/css/syntax/60-prefers-reduced-motion/2-summary.md	languages/css/syntax/60-prefers-reduced-motion/2-summary.md
cs/foundations/languages/css/syntax/60-prefers-reduced-motion/3-answer.md	languages/css/syntax/60-prefers-reduced-motion/3-answer.md
cs/foundations/languages/css/syntax/README.md	languages/css/syntax/README.md
cs/foundations/languages/go/syntax/01-packages-imports-main-and-init/1-question.md	languages/go/syntax/01-packages-imports-main-and-init/1-question.md
cs/foundations/languages/go/syntax/01-packages-imports-main-and-init/2-summary.md	languages/go/syntax/01-packages-imports-main-and-init/2-summary.md
cs/foundations/languages/go/syntax/01-packages-imports-main-and-init/3-answer.md	languages/go/syntax/01-packages-imports-main-and-init/3-answer.md
cs/foundations/languages/go/syntax/02-variable-declarations-and-zero-values/1-question.md	languages/go/syntax/02-variable-declarations-and-zero-values/1-question.md
cs/foundations/languages/go/syntax/02-variable-declarations-and-zero-values/2-summary.md	languages/go/syntax/02-variable-declarations-and-zero-values/2-summary.md
cs/foundations/languages/go/syntax/02-variable-declarations-and-zero-values/3-answer.md	languages/go/syntax/02-variable-declarations-and-zero-values/3-answer.md
cs/foundations/languages/go/syntax/03-constants-iota-and-untyped-constants/1-question.md	languages/go/syntax/03-constants-iota-and-untyped-constants/1-question.md
cs/foundations/languages/go/syntax/03-constants-iota-and-untyped-constants/2-summary.md	languages/go/syntax/03-constants-iota-and-untyped-constants/2-summary.md
cs/foundations/languages/go/syntax/03-constants-iota-and-untyped-constants/3-answer.md	languages/go/syntax/03-constants-iota-and-untyped-constants/3-answer.md
cs/foundations/languages/go/syntax/04-numeric-types-conversions-and-integer-division/1-question.md	languages/go/syntax/04-numeric-types-conversions-and-integer-division/1-question.md
cs/foundations/languages/go/syntax/04-numeric-types-conversions-and-integer-division/2-summary.md	languages/go/syntax/04-numeric-types-conversions-and-integer-division/2-summary.md
cs/foundations/languages/go/syntax/04-numeric-types-conversions-and-integer-division/3-answer.md	languages/go/syntax/04-numeric-types-conversions-and-integer-division/3-answer.md
cs/foundations/languages/go/syntax/05-arrays-vs-slices-value-and-header/1-question.md	languages/go/syntax/05-arrays-vs-slices-value-and-header/1-question.md
cs/foundations/languages/go/syntax/05-arrays-vs-slices-value-and-header/2-summary.md	languages/go/syntax/05-arrays-vs-slices-value-and-header/2-summary.md
cs/foundations/languages/go/syntax/05-arrays-vs-slices-value-and-header/3-answer.md	languages/go/syntax/05-arrays-vs-slices-value-and-header/3-answer.md
cs/foundations/languages/go/syntax/06-len-cap-and-append-reallocation/1-question.md	languages/go/syntax/06-len-cap-and-append-reallocation/1-question.md
cs/foundations/languages/go/syntax/06-len-cap-and-append-reallocation/2-summary.md	languages/go/syntax/06-len-cap-and-append-reallocation/2-summary.md
cs/foundations/languages/go/syntax/06-len-cap-and-append-reallocation/3-answer.md	languages/go/syntax/06-len-cap-and-append-reallocation/3-answer.md
cs/foundations/languages/go/syntax/07-slice-sharing-silent-bugs/1-question.md	languages/go/syntax/07-slice-sharing-silent-bugs/1-question.md
cs/foundations/languages/go/syntax/07-slice-sharing-silent-bugs/2-summary.md	languages/go/syntax/07-slice-sharing-silent-bugs/2-summary.md
cs/foundations/languages/go/syntax/07-slice-sharing-silent-bugs/3-answer.md	languages/go/syntax/07-slice-sharing-silent-bugs/3-answer.md
cs/foundations/languages/go/syntax/08-copy-three-index-slicing-and-memory-retention/1-question.md	languages/go/syntax/08-copy-three-index-slicing-and-memory-retention/1-question.md
cs/foundations/languages/go/syntax/08-copy-three-index-slicing-and-memory-retention/2-summary.md	languages/go/syntax/08-copy-three-index-slicing-and-memory-retention/2-summary.md
cs/foundations/languages/go/syntax/08-copy-three-index-slicing-and-memory-retention/3-answer.md	languages/go/syntax/08-copy-three-index-slicing-and-memory-retention/3-answer.md
cs/foundations/languages/go/syntax/09-maps-declaration-comma-ok-delete-and-iteration-order/1-question.md	languages/go/syntax/09-maps-declaration-comma-ok-delete-and-iteration-order/1-question.md
cs/foundations/languages/go/syntax/09-maps-declaration-comma-ok-delete-and-iteration-order/2-summary.md	languages/go/syntax/09-maps-declaration-comma-ok-delete-and-iteration-order/2-summary.md
cs/foundations/languages/go/syntax/09-maps-declaration-comma-ok-delete-and-iteration-order/3-answer.md	languages/go/syntax/09-maps-declaration-comma-ok-delete-and-iteration-order/3-answer.md
cs/foundations/languages/go/syntax/10-strings-bytes-runes-and-utf8-iteration/1-question.md	languages/go/syntax/10-strings-bytes-runes-and-utf8-iteration/1-question.md
cs/foundations/languages/go/syntax/10-strings-bytes-runes-and-utf8-iteration/2-summary.md	languages/go/syntax/10-strings-bytes-runes-and-utf8-iteration/2-summary.md
cs/foundations/languages/go/syntax/10-strings-bytes-runes-and-utf8-iteration/3-answer.md	languages/go/syntax/10-strings-bytes-runes-and-utf8-iteration/3-answer.md
cs/foundations/languages/go/syntax/11-strings-strconv-bytes-and-unicode-utf8/1-question.md	languages/go/syntax/11-strings-strconv-bytes-and-unicode-utf8/1-question.md
cs/foundations/languages/go/syntax/11-strings-strconv-bytes-and-unicode-utf8/2-summary.md	languages/go/syntax/11-strings-strconv-bytes-and-unicode-utf8/2-summary.md
cs/foundations/languages/go/syntax/11-strings-strconv-bytes-and-unicode-utf8/3-answer.md	languages/go/syntax/11-strings-strconv-bytes-and-unicode-utf8/3-answer.md
cs/foundations/languages/go/syntax/12-functions-multiple-returns-named-results-and-variadics/1-question.md	languages/go/syntax/12-functions-multiple-returns-named-results-and-variadics/1-question.md
cs/foundations/languages/go/syntax/12-functions-multiple-returns-named-results-and-variadics/2-summary.md	languages/go/syntax/12-functions-multiple-returns-named-results-and-variadics/2-summary.md
cs/foundations/languages/go/syntax/12-functions-multiple-returns-named-results-and-variadics/3-answer.md	languages/go/syntax/12-functions-multiple-returns-named-results-and-variadics/3-answer.md
cs/foundations/languages/go/syntax/13-closures-variable-capture-and-loop-variable-change/1-question.md	languages/go/syntax/13-closures-variable-capture-and-loop-variable-change/1-question.md
cs/foundations/languages/go/syntax/13-closures-variable-capture-and-loop-variable-change/2-summary.md	languages/go/syntax/13-closures-variable-capture-and-loop-variable-change/2-summary.md
cs/foundations/languages/go/syntax/13-closures-variable-capture-and-loop-variable-change/3-answer.md	languages/go/syntax/13-closures-variable-capture-and-loop-variable-change/3-answer.md
cs/foundations/languages/go/syntax/14-for-four-forms-range-over-int-and-func/1-question.md	languages/go/syntax/14-for-four-forms-range-over-int-and-func/1-question.md
cs/foundations/languages/go/syntax/14-for-four-forms-range-over-int-and-func/2-summary.md	languages/go/syntax/14-for-four-forms-range-over-int-and-func/2-summary.md
cs/foundations/languages/go/syntax/14-for-four-forms-range-over-int-and-func/3-answer.md	languages/go/syntax/14-for-four-forms-range-over-int-and-func/3-answer.md
cs/foundations/languages/go/syntax/15-switch-type-switch-fallthrough-labels-and-goto/1-question.md	languages/go/syntax/15-switch-type-switch-fallthrough-labels-and-goto/1-question.md
cs/foundations/languages/go/syntax/15-switch-type-switch-fallthrough-labels-and-goto/2-summary.md	languages/go/syntax/15-switch-type-switch-fallthrough-labels-and-goto/2-summary.md
cs/foundations/languages/go/syntax/15-switch-type-switch-fallthrough-labels-and-goto/3-answer.md	languages/go/syntax/15-switch-type-switch-fallthrough-labels-and-goto/3-answer.md
cs/foundations/languages/go/syntax/16-pointers-value-copy-semantics-new-and-make/1-question.md	languages/go/syntax/16-pointers-value-copy-semantics-new-and-make/1-question.md
cs/foundations/languages/go/syntax/16-pointers-value-copy-semantics-new-and-make/2-summary.md	languages/go/syntax/16-pointers-value-copy-semantics-new-and-make/2-summary.md
cs/foundations/languages/go/syntax/16-pointers-value-copy-semantics-new-and-make/3-answer.md	languages/go/syntax/16-pointers-value-copy-semantics-new-and-make/3-answer.md
cs/foundations/languages/go/syntax/17-struct-literals-comparability-field-tags-and-sorting/1-question.md	languages/go/syntax/17-struct-literals-comparability-field-tags-and-sorting/1-question.md
cs/foundations/languages/go/syntax/17-struct-literals-comparability-field-tags-and-sorting/2-summary.md	languages/go/syntax/17-struct-literals-comparability-field-tags-and-sorting/2-summary.md
cs/foundations/languages/go/syntax/17-struct-literals-comparability-field-tags-and-sorting/3-answer.md	languages/go/syntax/17-struct-literals-comparability-field-tags-and-sorting/3-answer.md
cs/foundations/languages/go/syntax/18-embedding-and-field-method-promotion/1-question.md	languages/go/syntax/18-embedding-and-field-method-promotion/1-question.md
cs/foundations/languages/go/syntax/18-embedding-and-field-method-promotion/2-summary.md	languages/go/syntax/18-embedding-and-field-method-promotion/2-summary.md
cs/foundations/languages/go/syntax/18-embedding-and-field-method-promotion/3-answer.md	languages/go/syntax/18-embedding-and-field-method-promotion/3-answer.md
cs/foundations/languages/go/syntax/19-method-sets-value-vs-pointer-receiver/1-question.md	languages/go/syntax/19-method-sets-value-vs-pointer-receiver/1-question.md
cs/foundations/languages/go/syntax/19-method-sets-value-vs-pointer-receiver/2-summary.md	languages/go/syntax/19-method-sets-value-vs-pointer-receiver/2-summary.md
cs/foundations/languages/go/syntax/19-method-sets-value-vs-pointer-receiver/3-answer.md	languages/go/syntax/19-method-sets-value-vs-pointer-receiver/3-answer.md
cs/foundations/languages/go/syntax/20-interface-declaration-and-implicit-implementation/1-question.md	languages/go/syntax/20-interface-declaration-and-implicit-implementation/1-question.md
cs/foundations/languages/go/syntax/20-interface-declaration-and-implicit-implementation/2-summary.md	languages/go/syntax/20-interface-declaration-and-implicit-implementation/2-summary.md
cs/foundations/languages/go/syntax/20-interface-declaration-and-implicit-implementation/3-answer.md	languages/go/syntax/20-interface-declaration-and-implicit-implementation/3-answer.md
cs/foundations/languages/go/syntax/21-nil-interface-vs-interface-holding-nil-pointer/1-question.md	languages/go/syntax/21-nil-interface-vs-interface-holding-nil-pointer/1-question.md
cs/foundations/languages/go/syntax/21-nil-interface-vs-interface-holding-nil-pointer/2-summary.md	languages/go/syntax/21-nil-interface-vs-interface-holding-nil-pointer/2-summary.md
cs/foundations/languages/go/syntax/21-nil-interface-vs-interface-holding-nil-pointer/3-answer.md	languages/go/syntax/21-nil-interface-vs-interface-holding-nil-pointer/3-answer.md
cs/foundations/languages/go/syntax/22-type-assertion-any-and-comparable/1-question.md	languages/go/syntax/22-type-assertion-any-and-comparable/1-question.md
cs/foundations/languages/go/syntax/22-type-assertion-any-and-comparable/2-summary.md	languages/go/syntax/22-type-assertion-any-and-comparable/2-summary.md
cs/foundations/languages/go/syntax/22-type-assertion-any-and-comparable/3-answer.md	languages/go/syntax/22-type-assertion-any-and-comparable/3-answer.md
cs/foundations/languages/go/syntax/23-error-interface-and-errors-as-values/1-question.md	languages/go/syntax/23-error-interface-and-errors-as-values/1-question.md
cs/foundations/languages/go/syntax/23-error-interface-and-errors-as-values/2-summary.md	languages/go/syntax/23-error-interface-and-errors-as-values/2-summary.md
cs/foundations/languages/go/syntax/23-error-interface-and-errors-as-values/3-answer.md	languages/go/syntax/23-error-interface-and-errors-as-values/3-answer.md
cs/foundations/languages/go/syntax/24-error-wrapping-and-errors-is-as-join/1-question.md	languages/go/syntax/24-error-wrapping-and-errors-is-as-join/1-question.md
cs/foundations/languages/go/syntax/24-error-wrapping-and-errors-is-as-join/2-summary.md	languages/go/syntax/24-error-wrapping-and-errors-is-as-join/2-summary.md
cs/foundations/languages/go/syntax/24-error-wrapping-and-errors-is-as-join/3-answer.md	languages/go/syntax/24-error-wrapping-and-errors-is-as-join/3-answer.md
cs/foundations/languages/go/syntax/25-sentinel-errors-vs-custom-error-types/1-question.md	languages/go/syntax/25-sentinel-errors-vs-custom-error-types/1-question.md
cs/foundations/languages/go/syntax/25-sentinel-errors-vs-custom-error-types/2-summary.md	languages/go/syntax/25-sentinel-errors-vs-custom-error-types/2-summary.md
cs/foundations/languages/go/syntax/25-sentinel-errors-vs-custom-error-types/3-answer.md	languages/go/syntax/25-sentinel-errors-vs-custom-error-types/3-answer.md
cs/foundations/languages/go/syntax/26-defer-evaluation-lifo-named-results-and-loops/1-question.md	languages/go/syntax/26-defer-evaluation-lifo-named-results-and-loops/1-question.md
cs/foundations/languages/go/syntax/26-defer-evaluation-lifo-named-results-and-loops/2-summary.md	languages/go/syntax/26-defer-evaluation-lifo-named-results-and-loops/2-summary.md
cs/foundations/languages/go/syntax/26-defer-evaluation-lifo-named-results-and-loops/3-answer.md	languages/go/syntax/26-defer-evaluation-lifo-named-results-and-loops/3-answer.md
cs/foundations/languages/go/syntax/27-panic-recover-and-where-to-use-them/1-question.md	languages/go/syntax/27-panic-recover-and-where-to-use-them/1-question.md
cs/foundations/languages/go/syntax/27-panic-recover-and-where-to-use-them/2-summary.md	languages/go/syntax/27-panic-recover-and-where-to-use-them/2-summary.md
cs/foundations/languages/go/syntax/27-panic-recover-and-where-to-use-them/3-answer.md	languages/go/syntax/27-panic-recover-and-where-to-use-them/3-answer.md
cs/foundations/languages/go/syntax/28-goroutines-go-statement-cost-and-termination/1-question.md	languages/go/syntax/28-goroutines-go-statement-cost-and-termination/1-question.md
cs/foundations/languages/go/syntax/28-goroutines-go-statement-cost-and-termination/2-summary.md	languages/go/syntax/28-goroutines-go-statement-cost-and-termination/2-summary.md
cs/foundations/languages/go/syntax/28-goroutines-go-statement-cost-and-termination/3-answer.md	languages/go/syntax/28-goroutines-go-statement-cost-and-termination/3-answer.md
cs/foundations/languages/go/syntax/29-channels-buffering-direction-close-range-and-nil/1-question.md	languages/go/syntax/29-channels-buffering-direction-close-range-and-nil/1-question.md
cs/foundations/languages/go/syntax/29-channels-buffering-direction-close-range-and-nil/2-summary.md	languages/go/syntax/29-channels-buffering-direction-close-range-and-nil/2-summary.md
cs/foundations/languages/go/syntax/29-channels-buffering-direction-close-range-and-nil/3-answer.md	languages/go/syntax/29-channels-buffering-direction-close-range-and-nil/3-answer.md
cs/foundations/languages/go/syntax/30-select-default-and-timeouts/1-question.md	languages/go/syntax/30-select-default-and-timeouts/1-question.md
cs/foundations/languages/go/syntax/30-select-default-and-timeouts/2-summary.md	languages/go/syntax/30-select-default-and-timeouts/2-summary.md
cs/foundations/languages/go/syntax/30-select-default-and-timeouts/3-answer.md	languages/go/syntax/30-select-default-and-timeouts/3-answer.md
cs/foundations/languages/go/syntax/31-goroutine-leaks/1-question.md	languages/go/syntax/31-goroutine-leaks/1-question.md
cs/foundations/languages/go/syntax/31-goroutine-leaks/2-summary.md	languages/go/syntax/31-goroutine-leaks/2-summary.md
cs/foundations/languages/go/syntax/31-goroutine-leaks/3-answer.md	languages/go/syntax/31-goroutine-leaks/3-answer.md
cs/foundations/languages/go/syntax/32-sync-mutex-rwmutex-waitgroup-once/1-question.md	languages/go/syntax/32-sync-mutex-rwmutex-waitgroup-once/1-question.md
cs/foundations/languages/go/syntax/32-sync-mutex-rwmutex-waitgroup-once/2-summary.md	languages/go/syntax/32-sync-mutex-rwmutex-waitgroup-once/2-summary.md
cs/foundations/languages/go/syntax/32-sync-mutex-rwmutex-waitgroup-once/3-answer.md	languages/go/syntax/32-sync-mutex-rwmutex-waitgroup-once/3-answer.md
cs/foundations/languages/go/syntax/33-sync-atomic-and-sync-map/1-question.md	languages/go/syntax/33-sync-atomic-and-sync-map/1-question.md
cs/foundations/languages/go/syntax/33-sync-atomic-and-sync-map/2-summary.md	languages/go/syntax/33-sync-atomic-and-sync-map/2-summary.md
cs/foundations/languages/go/syntax/33-sync-atomic-and-sync-map/3-answer.md	languages/go/syntax/33-sync-atomic-and-sync-map/3-answer.md
cs/foundations/languages/go/syntax/34-context-cancellation-deadlines-and-values/1-question.md	languages/go/syntax/34-context-cancellation-deadlines-and-values/1-question.md
cs/foundations/languages/go/syntax/34-context-cancellation-deadlines-and-values/2-summary.md	languages/go/syntax/34-context-cancellation-deadlines-and-values/2-summary.md
cs/foundations/languages/go/syntax/34-context-cancellation-deadlines-and-values/3-answer.md	languages/go/syntax/34-context-cancellation-deadlines-and-values/3-answer.md
cs/foundations/languages/go/syntax/35-data-races-and-the-race-detector/1-question.md	languages/go/syntax/35-data-races-and-the-race-detector/1-question.md
cs/foundations/languages/go/syntax/35-data-races-and-the-race-detector/2-summary.md	languages/go/syntax/35-data-races-and-the-race-detector/2-summary.md
cs/foundations/languages/go/syntax/35-data-races-and-the-race-detector/3-answer.md	languages/go/syntax/35-data-races-and-the-race-detector/3-answer.md
cs/foundations/languages/go/syntax/36-reading-the-go-memory-model-in-code/1-question.md	languages/go/syntax/36-reading-the-go-memory-model-in-code/1-question.md
cs/foundations/languages/go/syntax/36-reading-the-go-memory-model-in-code/2-summary.md	languages/go/syntax/36-reading-the-go-memory-model-in-code/2-summary.md
cs/foundations/languages/go/syntax/36-reading-the-go-memory-model-in-code/3-answer.md	languages/go/syntax/36-reading-the-go-memory-model-in-code/3-answer.md
cs/foundations/languages/go/syntax/37-generics-type-parameters-and-constraint-interfaces/1-question.md	languages/go/syntax/37-generics-type-parameters-and-constraint-interfaces/1-question.md
cs/foundations/languages/go/syntax/37-generics-type-parameters-and-constraint-interfaces/2-summary.md	languages/go/syntax/37-generics-type-parameters-and-constraint-interfaces/2-summary.md
cs/foundations/languages/go/syntax/37-generics-type-parameters-and-constraint-interfaces/3-answer.md	languages/go/syntax/37-generics-type-parameters-and-constraint-interfaces/3-answer.md
cs/foundations/languages/go/syntax/38-slices-maps-and-cmp/1-question.md	languages/go/syntax/38-slices-maps-and-cmp/1-question.md
cs/foundations/languages/go/syntax/38-slices-maps-and-cmp/2-summary.md	languages/go/syntax/38-slices-maps-and-cmp/2-summary.md
cs/foundations/languages/go/syntax/38-slices-maps-and-cmp/3-answer.md	languages/go/syntax/38-slices-maps-and-cmp/3-answer.md
cs/foundations/languages/go/syntax/39-iter-and-custom-iterators/1-question.md	languages/go/syntax/39-iter-and-custom-iterators/1-question.md
cs/foundations/languages/go/syntax/39-iter-and-custom-iterators/2-summary.md	languages/go/syntax/39-iter-and-custom-iterators/2-summary.md
cs/foundations/languages/go/syntax/39-iter-and-custom-iterators/3-answer.md	languages/go/syntax/39-iter-and-custom-iterators/3-answer.md
cs/foundations/languages/go/syntax/40-package-visibility-naming-and-internal/1-question.md	languages/go/syntax/40-package-visibility-naming-and-internal/1-question.md
cs/foundations/languages/go/syntax/40-package-visibility-naming-and-internal/2-summary.md	languages/go/syntax/40-package-visibility-naming-and-internal/2-summary.md
cs/foundations/languages/go/syntax/40-package-visibility-naming-and-internal/3-answer.md	languages/go/syntax/40-package-visibility-naming-and-internal/3-answer.md
cs/foundations/languages/go/syntax/41-modules-go-mod-version-selection-and-workspaces/1-question.md	languages/go/syntax/41-modules-go-mod-version-selection-and-workspaces/1-question.md
cs/foundations/languages/go/syntax/41-modules-go-mod-version-selection-and-workspaces/2-summary.md	languages/go/syntax/41-modules-go-mod-version-selection-and-workspaces/2-summary.md
cs/foundations/languages/go/syntax/41-modules-go-mod-version-selection-and-workspaces/3-answer.md	languages/go/syntax/41-modules-go-mod-version-selection-and-workspaces/3-answer.md
cs/foundations/languages/go/syntax/42-fmt-verbs-stringer-and-errorf/1-question.md	languages/go/syntax/42-fmt-verbs-stringer-and-errorf/1-question.md
cs/foundations/languages/go/syntax/42-fmt-verbs-stringer-and-errorf/2-summary.md	languages/go/syntax/42-fmt-verbs-stringer-and-errorf/2-summary.md
cs/foundations/languages/go/syntax/42-fmt-verbs-stringer-and-errorf/3-answer.md	languages/go/syntax/42-fmt-verbs-stringer-and-errorf/3-answer.md
cs/foundations/languages/go/syntax/43-io-reader-writer-and-composition/1-question.md	languages/go/syntax/43-io-reader-writer-and-composition/1-question.md
cs/foundations/languages/go/syntax/43-io-reader-writer-and-composition/2-summary.md	languages/go/syntax/43-io-reader-writer-and-composition/2-summary.md
cs/foundations/languages/go/syntax/43-io-reader-writer-and-composition/3-answer.md	languages/go/syntax/43-io-reader-writer-and-composition/3-answer.md
cs/foundations/languages/go/syntax/44-os-bufio-and-io-copy/1-question.md	languages/go/syntax/44-os-bufio-and-io-copy/1-question.md
cs/foundations/languages/go/syntax/44-os-bufio-and-io-copy/2-summary.md	languages/go/syntax/44-os-bufio-and-io-copy/2-summary.md
cs/foundations/languages/go/syntax/44-os-bufio-and-io-copy/3-answer.md	languages/go/syntax/44-os-bufio-and-io-copy/3-answer.md
cs/foundations/languages/go/syntax/45-encoding-json-tags-omitempty-pointers-numbers-and-streaming/1-question.md	languages/go/syntax/45-encoding-json-tags-omitempty-pointers-numbers-and-streaming/1-question.md
cs/foundations/languages/go/syntax/45-encoding-json-tags-omitempty-pointers-numbers-and-streaming/2-summary.md	languages/go/syntax/45-encoding-json-tags-omitempty-pointers-numbers-and-streaming/2-summary.md
cs/foundations/languages/go/syntax/45-encoding-json-tags-omitempty-pointers-numbers-and-streaming/3-answer.md	languages/go/syntax/45-encoding-json-tags-omitempty-pointers-numbers-and-streaming/3-answer.md
cs/foundations/languages/go/syntax/46-net-http-server-servemux-patterns-handler-and-middleware/1-question.md	languages/go/syntax/46-net-http-server-servemux-patterns-handler-and-middleware/1-question.md
cs/foundations/languages/go/syntax/46-net-http-server-servemux-patterns-handler-and-middleware/2-summary.md	languages/go/syntax/46-net-http-server-servemux-patterns-handler-and-middleware/2-summary.md
cs/foundations/languages/go/syntax/46-net-http-server-servemux-patterns-handler-and-middleware/3-answer.md	languages/go/syntax/46-net-http-server-servemux-patterns-handler-and-middleware/3-answer.md
cs/foundations/languages/go/syntax/47-net-http-client-reuse-timeouts-and-closing-body/1-question.md	languages/go/syntax/47-net-http-client-reuse-timeouts-and-closing-body/1-question.md
cs/foundations/languages/go/syntax/47-net-http-client-reuse-timeouts-and-closing-body/2-summary.md	languages/go/syntax/47-net-http-client-reuse-timeouts-and-closing-body/2-summary.md
cs/foundations/languages/go/syntax/47-net-http-client-reuse-timeouts-and-closing-body/3-answer.md	languages/go/syntax/47-net-http-client-reuse-timeouts-and-closing-body/3-answer.md
cs/foundations/languages/go/syntax/48-time-monotonic-clock-duration-timer-and-ticker/1-question.md	languages/go/syntax/48-time-monotonic-clock-duration-timer-and-ticker/1-question.md
cs/foundations/languages/go/syntax/48-time-monotonic-clock-duration-timer-and-ticker/2-summary.md	languages/go/syntax/48-time-monotonic-clock-duration-timer-and-ticker/2-summary.md
cs/foundations/languages/go/syntax/48-time-monotonic-clock-duration-timer-and-ticker/3-answer.md	languages/go/syntax/48-time-monotonic-clock-duration-timer-and-ticker/3-answer.md
cs/foundations/languages/go/syntax/49-testing-table-driven-t-run-cleanup-and-parallel/1-question.md	languages/go/syntax/49-testing-table-driven-t-run-cleanup-and-parallel/1-question.md
cs/foundations/languages/go/syntax/49-testing-table-driven-t-run-cleanup-and-parallel/2-summary.md	languages/go/syntax/49-testing-table-driven-t-run-cleanup-and-parallel/2-summary.md
cs/foundations/languages/go/syntax/49-testing-table-driven-t-run-cleanup-and-parallel/3-answer.md	languages/go/syntax/49-testing-table-driven-t-run-cleanup-and-parallel/3-answer.md
cs/foundations/languages/go/syntax/50-benchmarks-testing-b-and-reading-profiles/1-question.md	languages/go/syntax/50-benchmarks-testing-b-and-reading-profiles/1-question.md
cs/foundations/languages/go/syntax/50-benchmarks-testing-b-and-reading-profiles/2-summary.md	languages/go/syntax/50-benchmarks-testing-b-and-reading-profiles/2-summary.md
cs/foundations/languages/go/syntax/50-benchmarks-testing-b-and-reading-profiles/3-answer.md	languages/go/syntax/50-benchmarks-testing-b-and-reading-profiles/3-answer.md
cs/foundations/languages/go/syntax/51-os-signal-and-graceful-shutdown/1-question.md	languages/go/syntax/51-os-signal-and-graceful-shutdown/1-question.md
cs/foundations/languages/go/syntax/51-os-signal-and-graceful-shutdown/2-summary.md	languages/go/syntax/51-os-signal-and-graceful-shutdown/2-summary.md
cs/foundations/languages/go/syntax/51-os-signal-and-graceful-shutdown/3-answer.md	languages/go/syntax/51-os-signal-and-graceful-shutdown/3-answer.md
cs/foundations/languages/go/syntax/52-tools-gofmt-vet-build-tags-embed-and-escape-analysis/1-question.md	languages/go/syntax/52-tools-gofmt-vet-build-tags-embed-and-escape-analysis/1-question.md
cs/foundations/languages/go/syntax/52-tools-gofmt-vet-build-tags-embed-and-escape-analysis/2-summary.md	languages/go/syntax/52-tools-gofmt-vet-build-tags-embed-and-escape-analysis/2-summary.md
cs/foundations/languages/go/syntax/52-tools-gofmt-vet-build-tags-embed-and-escape-analysis/3-answer.md	languages/go/syntax/52-tools-gofmt-vet-build-tags-embed-and-escape-analysis/3-answer.md
cs/foundations/languages/go/syntax/README.md	languages/go/syntax/README.md
"cs/foundations/languages/go/\354\226\270\354\226\264-\355\212\271\354\204\261/README.md"	"languages/go/\354\226\270\354\226\264-\355\212\271\354\204\261/README.md"
cs/foundations/languages/html/syntax/01-document-skeleton/1-question.md	languages/html/syntax/01-document-skeleton/1-question.md
cs/foundations/languages/html/syntax/01-document-skeleton/2-summary.md	languages/html/syntax/01-document-skeleton/2-summary.md
cs/foundations/languages/html/syntax/01-document-skeleton/3-answer.md	languages/html/syntax/01-document-skeleton/3-answer.md
cs/foundations/languages/html/syntax/02-elements-and-attributes/1-question.md	languages/html/syntax/02-elements-and-attributes/1-question.md
cs/foundations/languages/html/syntax/02-elements-and-attributes/2-summary.md	languages/html/syntax/02-elements-and-attributes/2-summary.md
cs/foundations/languages/html/syntax/02-elements-and-attributes/3-answer.md	languages/html/syntax/02-elements-and-attributes/3-answer.md
cs/foundations/languages/html/syntax/03-parser-and-error-recovery/1-question.md	languages/html/syntax/03-parser-and-error-recovery/1-question.md
cs/foundations/languages/html/syntax/03-parser-and-error-recovery/2-summary.md	languages/html/syntax/03-parser-and-error-recovery/2-summary.md
cs/foundations/languages/html/syntax/03-parser-and-error-recovery/3-answer.md	languages/html/syntax/03-parser-and-error-recovery/3-answer.md
cs/foundations/languages/html/syntax/04-whitespace-and-character-references/1-question.md	languages/html/syntax/04-whitespace-and-character-references/1-question.md
cs/foundations/languages/html/syntax/04-whitespace-and-character-references/2-summary.md	languages/html/syntax/04-whitespace-and-character-references/2-summary.md
cs/foundations/languages/html/syntax/04-whitespace-and-character-references/3-answer.md	languages/html/syntax/04-whitespace-and-character-references/3-answer.md
cs/foundations/languages/html/syntax/05-content-categories-and-models/1-question.md	languages/html/syntax/05-content-categories-and-models/1-question.md
cs/foundations/languages/html/syntax/05-content-categories-and-models/2-summary.md	languages/html/syntax/05-content-categories-and-models/2-summary.md
cs/foundations/languages/html/syntax/05-content-categories-and-models/3-answer.md	languages/html/syntax/05-content-categories-and-models/3-answer.md
cs/foundations/languages/html/syntax/06-global-attributes/1-question.md	languages/html/syntax/06-global-attributes/1-question.md
cs/foundations/languages/html/syntax/06-global-attributes/2-summary.md	languages/html/syntax/06-global-attributes/2-summary.md
cs/foundations/languages/html/syntax/06-global-attributes/3-answer.md	languages/html/syntax/06-global-attributes/3-answer.md
cs/foundations/languages/html/syntax/07-id-and-fragments/1-question.md	languages/html/syntax/07-id-and-fragments/1-question.md
cs/foundations/languages/html/syntax/07-id-and-fragments/2-summary.md	languages/html/syntax/07-id-and-fragments/2-summary.md
cs/foundations/languages/html/syntax/07-id-and-fragments/3-answer.md	languages/html/syntax/07-id-and-fragments/3-answer.md
cs/foundations/languages/html/syntax/08-script-loading/1-question.md	languages/html/syntax/08-script-loading/1-question.md
cs/foundations/languages/html/syntax/08-script-loading/2-summary.md	languages/html/syntax/08-script-loading/2-summary.md
cs/foundations/languages/html/syntax/08-script-loading/3-answer.md	languages/html/syntax/08-script-loading/3-answer.md
cs/foundations/languages/html/syntax/09-stylesheets-and-resource-hints/1-question.md	languages/html/syntax/09-stylesheets-and-resource-hints/1-question.md
cs/foundations/languages/html/syntax/09-stylesheets-and-resource-hints/2-summary.md	languages/html/syntax/09-stylesheets-and-resource-hints/2-summary.md
cs/foundations/languages/html/syntax/09-stylesheets-and-resource-hints/3-answer.md	languages/html/syntax/09-stylesheets-and-resource-hints/3-answer.md
cs/foundations/languages/html/syntax/10-template-slot-shadow-dom/1-question.md	languages/html/syntax/10-template-slot-shadow-dom/1-question.md
cs/foundations/languages/html/syntax/10-template-slot-shadow-dom/2-summary.md	languages/html/syntax/10-template-slot-shadow-dom/2-summary.md
cs/foundations/languages/html/syntax/10-template-slot-shadow-dom/3-answer.md	languages/html/syntax/10-template-slot-shadow-dom/3-answer.md
cs/foundations/languages/html/syntax/11-sectioning-and-landmarks/1-question.md	languages/html/syntax/11-sectioning-and-landmarks/1-question.md
cs/foundations/languages/html/syntax/11-sectioning-and-landmarks/2-summary.md	languages/html/syntax/11-sectioning-and-landmarks/2-summary.md
cs/foundations/languages/html/syntax/11-sectioning-and-landmarks/3-answer.md	languages/html/syntax/11-sectioning-and-landmarks/3-answer.md
cs/foundations/languages/html/syntax/12-heading-levels-and-outline/1-question.md	languages/html/syntax/12-heading-levels-and-outline/1-question.md
cs/foundations/languages/html/syntax/12-heading-levels-and-outline/2-summary.md	languages/html/syntax/12-heading-levels-and-outline/2-summary.md
cs/foundations/languages/html/syntax/12-heading-levels-and-outline/3-answer.md	languages/html/syntax/12-heading-levels-and-outline/3-answer.md
cs/foundations/languages/html/syntax/13-phrasing-semantics/1-question.md	languages/html/syntax/13-phrasing-semantics/1-question.md
cs/foundations/languages/html/syntax/13-phrasing-semantics/2-summary.md	languages/html/syntax/13-phrasing-semantics/2-summary.md
cs/foundations/languages/html/syntax/13-phrasing-semantics/3-answer.md	languages/html/syntax/13-phrasing-semantics/3-answer.md
cs/foundations/languages/html/syntax/14-quotation-edits-and-time/1-question.md	languages/html/syntax/14-quotation-edits-and-time/1-question.md
cs/foundations/languages/html/syntax/14-quotation-edits-and-time/2-summary.md	languages/html/syntax/14-quotation-edits-and-time/2-summary.md
cs/foundations/languages/html/syntax/14-quotation-edits-and-time/3-answer.md	languages/html/syntax/14-quotation-edits-and-time/3-answer.md
cs/foundations/languages/html/syntax/15-lists/1-question.md	languages/html/syntax/15-lists/1-question.md
cs/foundations/languages/html/syntax/15-lists/2-summary.md	languages/html/syntax/15-lists/2-summary.md
cs/foundations/languages/html/syntax/15-lists/3-answer.md	languages/html/syntax/15-lists/3-answer.md
cs/foundations/languages/html/syntax/16-links/1-question.md	languages/html/syntax/16-links/1-question.md
cs/foundations/languages/html/syntax/16-links/2-summary.md	languages/html/syntax/16-links/2-summary.md
cs/foundations/languages/html/syntax/16-links/3-answer.md	languages/html/syntax/16-links/3-answer.md
cs/foundations/languages/html/syntax/17-table-structure/1-question.md	languages/html/syntax/17-table-structure/1-question.md
cs/foundations/languages/html/syntax/17-table-structure/2-summary.md	languages/html/syntax/17-table-structure/2-summary.md
cs/foundations/languages/html/syntax/17-table-structure/3-answer.md	languages/html/syntax/17-table-structure/3-answer.md
cs/foundations/languages/html/syntax/18-table-headers-and-scope/1-question.md	languages/html/syntax/18-table-headers-and-scope/1-question.md
cs/foundations/languages/html/syntax/18-table-headers-and-scope/2-summary.md	languages/html/syntax/18-table-headers-and-scope/2-summary.md
cs/foundations/languages/html/syntax/18-table-headers-and-scope/3-answer.md	languages/html/syntax/18-table-headers-and-scope/3-answer.md
cs/foundations/languages/html/syntax/19-figure-address-hr/1-question.md	languages/html/syntax/19-figure-address-hr/1-question.md
cs/foundations/languages/html/syntax/19-figure-address-hr/2-summary.md	languages/html/syntax/19-figure-address-hr/2-summary.md
cs/foundations/languages/html/syntax/19-figure-address-hr/3-answer.md	languages/html/syntax/19-figure-address-hr/3-answer.md
cs/foundations/languages/html/syntax/20-lang-dir-and-bidi/1-question.md	languages/html/syntax/20-lang-dir-and-bidi/1-question.md
cs/foundations/languages/html/syntax/20-lang-dir-and-bidi/2-summary.md	languages/html/syntax/20-lang-dir-and-bidi/2-summary.md
cs/foundations/languages/html/syntax/20-lang-dir-and-bidi/3-answer.md	languages/html/syntax/20-lang-dir-and-bidi/3-answer.md
cs/foundations/languages/html/syntax/21-form-submission-model/1-question.md	languages/html/syntax/21-form-submission-model/1-question.md
cs/foundations/languages/html/syntax/21-form-submission-model/2-summary.md	languages/html/syntax/21-form-submission-model/2-summary.md
cs/foundations/languages/html/syntax/21-form-submission-model/3-answer.md	languages/html/syntax/21-form-submission-model/3-answer.md
cs/foundations/languages/html/syntax/22-input-types-text/1-question.md	languages/html/syntax/22-input-types-text/1-question.md
cs/foundations/languages/html/syntax/22-input-types-text/2-summary.md	languages/html/syntax/22-input-types-text/2-summary.md
cs/foundations/languages/html/syntax/22-input-types-text/3-answer.md	languages/html/syntax/22-input-types-text/3-answer.md
cs/foundations/languages/html/syntax/23-input-types-number-date/1-question.md	languages/html/syntax/23-input-types-number-date/1-question.md
cs/foundations/languages/html/syntax/23-input-types-number-date/2-summary.md	languages/html/syntax/23-input-types-number-date/2-summary.md
cs/foundations/languages/html/syntax/23-input-types-number-date/3-answer.md	languages/html/syntax/23-input-types-number-date/3-answer.md
cs/foundations/languages/html/syntax/24-input-types-choice-special/1-question.md	languages/html/syntax/24-input-types-choice-special/1-question.md
cs/foundations/languages/html/syntax/24-input-types-choice-special/2-summary.md	languages/html/syntax/24-input-types-choice-special/2-summary.md
cs/foundations/languages/html/syntax/24-input-types-choice-special/3-answer.md	languages/html/syntax/24-input-types-choice-special/3-answer.md
cs/foundations/languages/html/syntax/25-label-association/1-question.md	languages/html/syntax/25-label-association/1-question.md
cs/foundations/languages/html/syntax/25-label-association/2-summary.md	languages/html/syntax/25-label-association/2-summary.md
cs/foundations/languages/html/syntax/25-label-association/3-answer.md	languages/html/syntax/25-label-association/3-answer.md
cs/foundations/languages/html/syntax/26-select-datalist-textarea/1-question.md	languages/html/syntax/26-select-datalist-textarea/1-question.md
cs/foundations/languages/html/syntax/26-select-datalist-textarea/2-summary.md	languages/html/syntax/26-select-datalist-textarea/2-summary.md
cs/foundations/languages/html/syntax/26-select-datalist-textarea/3-answer.md	languages/html/syntax/26-select-datalist-textarea/3-answer.md
cs/foundations/languages/html/syntax/27-fieldset-and-legend/1-question.md	languages/html/syntax/27-fieldset-and-legend/1-question.md
cs/foundations/languages/html/syntax/27-fieldset-and-legend/2-summary.md	languages/html/syntax/27-fieldset-and-legend/2-summary.md
cs/foundations/languages/html/syntax/27-fieldset-and-legend/3-answer.md	languages/html/syntax/27-fieldset-and-legend/3-answer.md
cs/foundations/languages/html/syntax/28-validation-attributes/1-question.md	languages/html/syntax/28-validation-attributes/1-question.md
cs/foundations/languages/html/syntax/28-validation-attributes/2-summary.md	languages/html/syntax/28-validation-attributes/2-summary.md
cs/foundations/languages/html/syntax/28-validation-attributes/3-answer.md	languages/html/syntax/28-validation-attributes/3-answer.md
cs/foundations/languages/html/syntax/29-constraint-validation/1-question.md	languages/html/syntax/29-constraint-validation/1-question.md
cs/foundations/languages/html/syntax/29-constraint-validation/2-summary.md	languages/html/syntax/29-constraint-validation/2-summary.md
cs/foundations/languages/html/syntax/29-constraint-validation/3-answer.md	languages/html/syntax/29-constraint-validation/3-answer.md
cs/foundations/languages/html/syntax/30-form-state-and-input-hints/1-question.md	languages/html/syntax/30-form-state-and-input-hints/1-question.md
cs/foundations/languages/html/syntax/30-form-state-and-input-hints/2-summary.md	languages/html/syntax/30-form-state-and-input-hints/2-summary.md
cs/foundations/languages/html/syntax/30-form-state-and-input-hints/3-answer.md	languages/html/syntax/30-form-state-and-input-hints/3-answer.md
cs/foundations/languages/html/syntax/31-file-upload/1-question.md	languages/html/syntax/31-file-upload/1-question.md
cs/foundations/languages/html/syntax/31-file-upload/2-summary.md	languages/html/syntax/31-file-upload/2-summary.md
cs/foundations/languages/html/syntax/31-file-upload/3-answer.md	languages/html/syntax/31-file-upload/3-answer.md
cs/foundations/languages/html/syntax/32-button-type-and-form-owner/1-question.md	languages/html/syntax/32-button-type-and-form-owner/1-question.md
cs/foundations/languages/html/syntax/32-button-type-and-form-owner/2-summary.md	languages/html/syntax/32-button-type-and-form-owner/2-summary.md
cs/foundations/languages/html/syntax/32-button-type-and-form-owner/3-answer.md	languages/html/syntax/32-button-type-and-form-owner/3-answer.md
cs/foundations/languages/html/syntax/33-output-progress-meter/1-question.md	languages/html/syntax/33-output-progress-meter/1-question.md
cs/foundations/languages/html/syntax/33-output-progress-meter/2-summary.md	languages/html/syntax/33-output-progress-meter/2-summary.md
cs/foundations/languages/html/syntax/33-output-progress-meter/3-answer.md	languages/html/syntax/33-output-progress-meter/3-answer.md
cs/foundations/languages/html/syntax/34-img-alt-size-and-loading/1-question.md	languages/html/syntax/34-img-alt-size-and-loading/1-question.md
cs/foundations/languages/html/syntax/34-img-alt-size-and-loading/2-summary.md	languages/html/syntax/34-img-alt-size-and-loading/2-summary.md
cs/foundations/languages/html/syntax/34-img-alt-size-and-loading/3-answer.md	languages/html/syntax/34-img-alt-size-and-loading/3-answer.md
cs/foundations/languages/html/syntax/35-srcset-and-sizes/1-question.md	languages/html/syntax/35-srcset-and-sizes/1-question.md
cs/foundations/languages/html/syntax/35-srcset-and-sizes/2-summary.md	languages/html/syntax/35-srcset-and-sizes/2-summary.md
cs/foundations/languages/html/syntax/35-srcset-and-sizes/3-answer.md	languages/html/syntax/35-srcset-and-sizes/3-answer.md
cs/foundations/languages/html/syntax/36-picture-art-direction-and-format/1-question.md	languages/html/syntax/36-picture-art-direction-and-format/1-question.md
cs/foundations/languages/html/syntax/36-picture-art-direction-and-format/2-summary.md	languages/html/syntax/36-picture-art-direction-and-format/2-summary.md
cs/foundations/languages/html/syntax/36-picture-art-direction-and-format/3-answer.md	languages/html/syntax/36-picture-art-direction-and-format/3-answer.md
cs/foundations/languages/html/syntax/README.md	languages/html/syntax/README.md
cs/foundations/languages/java/syntax/01-primitives-and-wrappers/1-question.md	languages/java/syntax/01-primitives-and-wrappers/1-question.md
cs/foundations/languages/java/syntax/01-primitives-and-wrappers/2-summary.md	languages/java/syntax/01-primitives-and-wrappers/2-summary.md
cs/foundations/languages/java/syntax/01-primitives-and-wrappers/3-answer.md	languages/java/syntax/01-primitives-and-wrappers/3-answer.md
cs/foundations/languages/java/syntax/02-numeric-operations/1-question.md	languages/java/syntax/02-numeric-operations/1-question.md
cs/foundations/languages/java/syntax/02-numeric-operations/2-summary.md	languages/java/syntax/02-numeric-operations/2-summary.md
cs/foundations/languages/java/syntax/02-numeric-operations/3-answer.md	languages/java/syntax/02-numeric-operations/3-answer.md
cs/foundations/languages/java/syntax/03-variables-and-assignment/1-question.md	languages/java/syntax/03-variables-and-assignment/1-question.md
cs/foundations/languages/java/syntax/03-variables-and-assignment/2-summary.md	languages/java/syntax/03-variables-and-assignment/2-summary.md
cs/foundations/languages/java/syntax/03-variables-and-assignment/3-answer.md	languages/java/syntax/03-variables-and-assignment/3-answer.md
cs/foundations/languages/java/syntax/04-var-type-inference/1-question.md	languages/java/syntax/04-var-type-inference/1-question.md
cs/foundations/languages/java/syntax/04-var-type-inference/2-summary.md	languages/java/syntax/04-var-type-inference/2-summary.md
cs/foundations/languages/java/syntax/04-var-type-inference/3-answer.md	languages/java/syntax/04-var-type-inference/3-answer.md
cs/foundations/languages/java/syntax/05-arrays/1-question.md	languages/java/syntax/05-arrays/1-question.md
cs/foundations/languages/java/syntax/05-arrays/2-summary.md	languages/java/syntax/05-arrays/2-summary.md
cs/foundations/languages/java/syntax/05-arrays/3-answer.md	languages/java/syntax/05-arrays/3-answer.md
cs/foundations/languages/java/syntax/06-initialization-order/1-question.md	languages/java/syntax/06-initialization-order/1-question.md
cs/foundations/languages/java/syntax/06-initialization-order/2-summary.md	languages/java/syntax/06-initialization-order/2-summary.md
cs/foundations/languages/java/syntax/06-initialization-order/3-answer.md	languages/java/syntax/06-initialization-order/3-answer.md
cs/foundations/languages/java/syntax/07-constructors/1-question.md	languages/java/syntax/07-constructors/1-question.md
cs/foundations/languages/java/syntax/07-constructors/2-summary.md	languages/java/syntax/07-constructors/2-summary.md
cs/foundations/languages/java/syntax/07-constructors/3-answer.md	languages/java/syntax/07-constructors/3-answer.md
cs/foundations/languages/java/syntax/08-method-declaration-overloading/1-question.md	languages/java/syntax/08-method-declaration-overloading/1-question.md
cs/foundations/languages/java/syntax/08-method-declaration-overloading/2-summary.md	languages/java/syntax/08-method-declaration-overloading/2-summary.md
cs/foundations/languages/java/syntax/08-method-declaration-overloading/3-answer.md	languages/java/syntax/08-method-declaration-overloading/3-answer.md
cs/foundations/languages/java/syntax/09-inheritance-overriding/1-question.md	languages/java/syntax/09-inheritance-overriding/1-question.md
cs/foundations/languages/java/syntax/09-inheritance-overriding/2-summary.md	languages/java/syntax/09-inheritance-overriding/2-summary.md
cs/foundations/languages/java/syntax/09-inheritance-overriding/3-answer.md	languages/java/syntax/09-inheritance-overriding/3-answer.md
cs/foundations/languages/java/syntax/10-access-modifiers/1-question.md	languages/java/syntax/10-access-modifiers/1-question.md
cs/foundations/languages/java/syntax/10-access-modifiers/2-summary.md	languages/java/syntax/10-access-modifiers/2-summary.md
cs/foundations/languages/java/syntax/10-access-modifiers/3-answer.md	languages/java/syntax/10-access-modifiers/3-answer.md
cs/foundations/languages/java/syntax/11-interfaces-default-methods/1-question.md	languages/java/syntax/11-interfaces-default-methods/1-question.md
cs/foundations/languages/java/syntax/11-interfaces-default-methods/2-summary.md	languages/java/syntax/11-interfaces-default-methods/2-summary.md
cs/foundations/languages/java/syntax/11-interfaces-default-methods/3-answer.md	languages/java/syntax/11-interfaces-default-methods/3-answer.md
cs/foundations/languages/java/syntax/12-nested-classes/1-question.md	languages/java/syntax/12-nested-classes/1-question.md
cs/foundations/languages/java/syntax/12-nested-classes/2-summary.md	languages/java/syntax/12-nested-classes/2-summary.md
cs/foundations/languages/java/syntax/12-nested-classes/3-answer.md	languages/java/syntax/12-nested-classes/3-answer.md
cs/foundations/languages/java/syntax/13-enum-classes/1-question.md	languages/java/syntax/13-enum-classes/1-question.md
cs/foundations/languages/java/syntax/13-enum-classes/2-summary.md	languages/java/syntax/13-enum-classes/2-summary.md
cs/foundations/languages/java/syntax/13-enum-classes/3-answer.md	languages/java/syntax/13-enum-classes/3-answer.md
cs/foundations/languages/java/syntax/14-records/1-question.md	languages/java/syntax/14-records/1-question.md
cs/foundations/languages/java/syntax/14-records/2-summary.md	languages/java/syntax/14-records/2-summary.md
cs/foundations/languages/java/syntax/14-records/3-answer.md	languages/java/syntax/14-records/3-answer.md
cs/foundations/languages/java/syntax/15-sealed-classes/1-question.md	languages/java/syntax/15-sealed-classes/1-question.md
cs/foundations/languages/java/syntax/15-sealed-classes/2-summary.md	languages/java/syntax/15-sealed-classes/2-summary.md
cs/foundations/languages/java/syntax/15-sealed-classes/3-answer.md	languages/java/syntax/15-sealed-classes/3-answer.md
cs/foundations/languages/java/syntax/16-annotations/1-question.md	languages/java/syntax/16-annotations/1-question.md
cs/foundations/languages/java/syntax/16-annotations/2-summary.md	languages/java/syntax/16-annotations/2-summary.md
cs/foundations/languages/java/syntax/16-annotations/3-answer.md	languages/java/syntax/16-annotations/3-answer.md
cs/foundations/languages/java/syntax/17-generic-declarations/1-question.md	languages/java/syntax/17-generic-declarations/1-question.md
cs/foundations/languages/java/syntax/17-generic-declarations/2-summary.md	languages/java/syntax/17-generic-declarations/2-summary.md
cs/foundations/languages/java/syntax/17-generic-declarations/3-answer.md	languages/java/syntax/17-generic-declarations/3-answer.md
cs/foundations/languages/java/syntax/18-wildcards-pecs/1-question.md	languages/java/syntax/18-wildcards-pecs/1-question.md
cs/foundations/languages/java/syntax/18-wildcards-pecs/2-summary.md	languages/java/syntax/18-wildcards-pecs/2-summary.md
cs/foundations/languages/java/syntax/18-wildcards-pecs/3-answer.md	languages/java/syntax/18-wildcards-pecs/3-answer.md
cs/foundations/languages/java/syntax/19-type-erasure/1-question.md	languages/java/syntax/19-type-erasure/1-question.md
cs/foundations/languages/java/syntax/19-type-erasure/2-summary.md	languages/java/syntax/19-type-erasure/2-summary.md
cs/foundations/languages/java/syntax/19-type-erasure/3-answer.md	languages/java/syntax/19-type-erasure/3-answer.md
cs/foundations/languages/java/syntax/20-control-flow-statements/1-question.md	languages/java/syntax/20-control-flow-statements/1-question.md
cs/foundations/languages/java/syntax/20-control-flow-statements/2-summary.md	languages/java/syntax/20-control-flow-statements/2-summary.md
cs/foundations/languages/java/syntax/20-control-flow-statements/3-answer.md	languages/java/syntax/20-control-flow-statements/3-answer.md
cs/foundations/languages/java/syntax/21-switch-statement-and-expression/1-question.md	languages/java/syntax/21-switch-statement-and-expression/1-question.md
cs/foundations/languages/java/syntax/21-switch-statement-and-expression/2-summary.md	languages/java/syntax/21-switch-statement-and-expression/2-summary.md
cs/foundations/languages/java/syntax/21-switch-statement-and-expression/3-answer.md	languages/java/syntax/21-switch-statement-and-expression/3-answer.md
cs/foundations/languages/java/syntax/22-instanceof-type-patterns/1-question.md	languages/java/syntax/22-instanceof-type-patterns/1-question.md
cs/foundations/languages/java/syntax/22-instanceof-type-patterns/2-summary.md	languages/java/syntax/22-instanceof-type-patterns/2-summary.md
cs/foundations/languages/java/syntax/22-instanceof-type-patterns/3-answer.md	languages/java/syntax/22-instanceof-type-patterns/3-answer.md
cs/foundations/languages/java/syntax/23-switch-pattern-matching/1-question.md	languages/java/syntax/23-switch-pattern-matching/1-question.md
cs/foundations/languages/java/syntax/23-switch-pattern-matching/2-summary.md	languages/java/syntax/23-switch-pattern-matching/2-summary.md
cs/foundations/languages/java/syntax/23-switch-pattern-matching/3-answer.md	languages/java/syntax/23-switch-pattern-matching/3-answer.md
cs/foundations/languages/java/syntax/24-record-patterns/1-question.md	languages/java/syntax/24-record-patterns/1-question.md
cs/foundations/languages/java/syntax/24-record-patterns/2-summary.md	languages/java/syntax/24-record-patterns/2-summary.md
cs/foundations/languages/java/syntax/24-record-patterns/3-answer.md	languages/java/syntax/24-record-patterns/3-answer.md
cs/foundations/languages/java/syntax/25-exceptions/1-question.md	languages/java/syntax/25-exceptions/1-question.md
cs/foundations/languages/java/syntax/25-exceptions/2-summary.md	languages/java/syntax/25-exceptions/2-summary.md
cs/foundations/languages/java/syntax/25-exceptions/3-answer.md	languages/java/syntax/25-exceptions/3-answer.md
cs/foundations/languages/java/syntax/26-try-with-resources/1-question.md	languages/java/syntax/26-try-with-resources/1-question.md
cs/foundations/languages/java/syntax/26-try-with-resources/2-summary.md	languages/java/syntax/26-try-with-resources/2-summary.md
cs/foundations/languages/java/syntax/26-try-with-resources/3-answer.md	languages/java/syntax/26-try-with-resources/3-answer.md
cs/foundations/languages/java/syntax/27-equals-hashcode-contract/1-question.md	languages/java/syntax/27-equals-hashcode-contract/1-question.md
cs/foundations/languages/java/syntax/27-equals-hashcode-contract/2-summary.md	languages/java/syntax/27-equals-hashcode-contract/2-summary.md
cs/foundations/languages/java/syntax/27-equals-hashcode-contract/3-answer.md	languages/java/syntax/27-equals-hashcode-contract/3-answer.md
cs/foundations/languages/java/syntax/28-comparable-comparator/1-question.md	languages/java/syntax/28-comparable-comparator/1-question.md
cs/foundations/languages/java/syntax/28-comparable-comparator/2-summary.md	languages/java/syntax/28-comparable-comparator/2-summary.md
cs/foundations/languages/java/syntax/28-comparable-comparator/3-answer.md	languages/java/syntax/28-comparable-comparator/3-answer.md
cs/foundations/languages/java/syntax/29-lambda-expressions/1-question.md	languages/java/syntax/29-lambda-expressions/1-question.md
cs/foundations/languages/java/syntax/29-lambda-expressions/2-summary.md	languages/java/syntax/29-lambda-expressions/2-summary.md
cs/foundations/languages/java/syntax/29-lambda-expressions/3-answer.md	languages/java/syntax/29-lambda-expressions/3-answer.md
cs/foundations/languages/java/syntax/30-method-references/1-question.md	languages/java/syntax/30-method-references/1-question.md
cs/foundations/languages/java/syntax/30-method-references/2-summary.md	languages/java/syntax/30-method-references/2-summary.md
cs/foundations/languages/java/syntax/30-method-references/3-answer.md	languages/java/syntax/30-method-references/3-answer.md
cs/foundations/languages/java/syntax/31-functional-interfaces/1-question.md	languages/java/syntax/31-functional-interfaces/1-question.md
cs/foundations/languages/java/syntax/31-functional-interfaces/2-summary.md	languages/java/syntax/31-functional-interfaces/2-summary.md
cs/foundations/languages/java/syntax/31-functional-interfaces/3-answer.md	languages/java/syntax/31-functional-interfaces/3-answer.md
cs/foundations/languages/java/syntax/32-text-blocks/1-question.md	languages/java/syntax/32-text-blocks/1-question.md
cs/foundations/languages/java/syntax/32-text-blocks/2-summary.md	languages/java/syntax/32-text-blocks/2-summary.md
cs/foundations/languages/java/syntax/32-text-blocks/3-answer.md	languages/java/syntax/32-text-blocks/3-answer.md
cs/foundations/languages/java/syntax/33-synchronized-and-volatile/1-question.md	languages/java/syntax/33-synchronized-and-volatile/1-question.md
cs/foundations/languages/java/syntax/33-synchronized-and-volatile/2-summary.md	languages/java/syntax/33-synchronized-and-volatile/2-summary.md
cs/foundations/languages/java/syntax/33-synchronized-and-volatile/3-answer.md	languages/java/syntax/33-synchronized-and-volatile/3-answer.md
cs/foundations/languages/java/syntax/34-imports/1-question.md	languages/java/syntax/34-imports/1-question.md
cs/foundations/languages/java/syntax/34-imports/2-summary.md	languages/java/syntax/34-imports/2-summary.md
cs/foundations/languages/java/syntax/34-imports/3-answer.md	languages/java/syntax/34-imports/3-answer.md
cs/foundations/languages/java/syntax/35-string/1-question.md	languages/java/syntax/35-string/1-question.md
cs/foundations/languages/java/syntax/35-string/2-summary.md	languages/java/syntax/35-string/2-summary.md
cs/foundations/languages/java/syntax/35-string/3-answer.md	languages/java/syntax/35-string/3-answer.md
cs/foundations/languages/java/syntax/36-stringbuilder-and-concat/1-question.md	languages/java/syntax/36-stringbuilder-and-concat/1-question.md
cs/foundations/languages/java/syntax/36-stringbuilder-and-concat/2-summary.md	languages/java/syntax/36-stringbuilder-and-concat/2-summary.md
cs/foundations/languages/java/syntax/36-stringbuilder-and-concat/3-answer.md	languages/java/syntax/36-stringbuilder-and-concat/3-answer.md
cs/foundations/languages/java/syntax/37-regex/1-question.md	languages/java/syntax/37-regex/1-question.md
cs/foundations/languages/java/syntax/37-regex/2-summary.md	languages/java/syntax/37-regex/2-summary.md
cs/foundations/languages/java/syntax/37-regex/3-answer.md	languages/java/syntax/37-regex/3-answer.md
cs/foundations/languages/java/syntax/38-optional/1-question.md	languages/java/syntax/38-optional/1-question.md
cs/foundations/languages/java/syntax/38-optional/2-summary.md	languages/java/syntax/38-optional/2-summary.md
cs/foundations/languages/java/syntax/38-optional/3-answer.md	languages/java/syntax/38-optional/3-answer.md
cs/foundations/languages/java/syntax/39-collections-framework-map/1-question.md	languages/java/syntax/39-collections-framework-map/1-question.md
cs/foundations/languages/java/syntax/39-collections-framework-map/2-summary.md	languages/java/syntax/39-collections-framework-map/2-summary.md
cs/foundations/languages/java/syntax/39-collections-framework-map/3-answer.md	languages/java/syntax/39-collections-framework-map/3-answer.md
cs/foundations/languages/java/syntax/40-list-set-and-immutable-factories/1-question.md	languages/java/syntax/40-list-set-and-immutable-factories/1-question.md
cs/foundations/languages/java/syntax/40-list-set-and-immutable-factories/2-summary.md	languages/java/syntax/40-list-set-and-immutable-factories/2-summary.md
cs/foundations/languages/java/syntax/40-list-set-and-immutable-factories/3-answer.md	languages/java/syntax/40-list-set-and-immutable-factories/3-answer.md
cs/foundations/languages/java/syntax/41-map-api-merge-compute/1-question.md	languages/java/syntax/41-map-api-merge-compute/1-question.md
cs/foundations/languages/java/syntax/41-map-api-merge-compute/2-summary.md	languages/java/syntax/41-map-api-merge-compute/2-summary.md
cs/foundations/languages/java/syntax/41-map-api-merge-compute/3-answer.md	languages/java/syntax/41-map-api-merge-compute/3-answer.md
cs/foundations/languages/java/syntax/42-sequenced-collections/1-question.md	languages/java/syntax/42-sequenced-collections/1-question.md
cs/foundations/languages/java/syntax/42-sequenced-collections/2-summary.md	languages/java/syntax/42-sequenced-collections/2-summary.md
cs/foundations/languages/java/syntax/42-sequenced-collections/3-answer.md	languages/java/syntax/42-sequenced-collections/3-answer.md
cs/foundations/languages/java/syntax/43-iterator-and-fail-fast/1-question.md	languages/java/syntax/43-iterator-and-fail-fast/1-question.md
cs/foundations/languages/java/syntax/43-iterator-and-fail-fast/2-summary.md	languages/java/syntax/43-iterator-and-fail-fast/2-summary.md
cs/foundations/languages/java/syntax/43-iterator-and-fail-fast/3-answer.md	languages/java/syntax/43-iterator-and-fail-fast/3-answer.md
cs/foundations/languages/java/syntax/44-stream-creation/1-question.md	languages/java/syntax/44-stream-creation/1-question.md
cs/foundations/languages/java/syntax/44-stream-creation/2-summary.md	languages/java/syntax/44-stream-creation/2-summary.md
cs/foundations/languages/java/syntax/44-stream-creation/3-answer.md	languages/java/syntax/44-stream-creation/3-answer.md
cs/foundations/languages/java/syntax/45-intermediate-operations/1-question.md	languages/java/syntax/45-intermediate-operations/1-question.md
cs/foundations/languages/java/syntax/45-intermediate-operations/2-summary.md	languages/java/syntax/45-intermediate-operations/2-summary.md
cs/foundations/languages/java/syntax/45-intermediate-operations/3-answer.md	languages/java/syntax/45-intermediate-operations/3-answer.md
cs/foundations/languages/java/syntax/46-terminal-operations/1-question.md	languages/java/syntax/46-terminal-operations/1-question.md
cs/foundations/languages/java/syntax/46-terminal-operations/2-summary.md	languages/java/syntax/46-terminal-operations/2-summary.md
cs/foundations/languages/java/syntax/46-terminal-operations/3-answer.md	languages/java/syntax/46-terminal-operations/3-answer.md
cs/foundations/languages/java/syntax/47-collectors-basics/1-question.md	languages/java/syntax/47-collectors-basics/1-question.md
cs/foundations/languages/java/syntax/47-collectors-basics/2-summary.md	languages/java/syntax/47-collectors-basics/2-summary.md
cs/foundations/languages/java/syntax/47-collectors-basics/3-answer.md	languages/java/syntax/47-collectors-basics/3-answer.md
cs/foundations/languages/java/syntax/48-collectors-grouping/1-question.md	languages/java/syntax/48-collectors-grouping/1-question.md
cs/foundations/languages/java/syntax/48-collectors-grouping/2-summary.md	languages/java/syntax/48-collectors-grouping/2-summary.md
cs/foundations/languages/java/syntax/48-collectors-grouping/3-answer.md	languages/java/syntax/48-collectors-grouping/3-answer.md
cs/foundations/languages/java/syntax/49-parallel-streams/1-question.md	languages/java/syntax/49-parallel-streams/1-question.md
cs/foundations/languages/java/syntax/49-parallel-streams/2-summary.md	languages/java/syntax/49-parallel-streams/2-summary.md
cs/foundations/languages/java/syntax/49-parallel-streams/3-answer.md	languages/java/syntax/49-parallel-streams/3-answer.md
cs/foundations/languages/java/syntax/50-stream-gatherers/1-question.md	languages/java/syntax/50-stream-gatherers/1-question.md
cs/foundations/languages/java/syntax/50-stream-gatherers/2-summary.md	languages/java/syntax/50-stream-gatherers/2-summary.md
cs/foundations/languages/java/syntax/50-stream-gatherers/3-answer.md	languages/java/syntax/50-stream-gatherers/3-answer.md
cs/foundations/languages/java/syntax/51-java-time-types/1-question.md	languages/java/syntax/51-java-time-types/1-question.md
cs/foundations/languages/java/syntax/51-java-time-types/2-summary.md	languages/java/syntax/51-java-time-types/2-summary.md
cs/foundations/languages/java/syntax/51-java-time-types/3-answer.md	languages/java/syntax/51-java-time-types/3-answer.md
cs/foundations/languages/java/syntax/52-duration-period-formatter/1-question.md	languages/java/syntax/52-duration-period-formatter/1-question.md
cs/foundations/languages/java/syntax/52-duration-period-formatter/2-summary.md	languages/java/syntax/52-duration-period-formatter/2-summary.md
cs/foundations/languages/java/syntax/52-duration-period-formatter/3-answer.md	languages/java/syntax/52-duration-period-formatter/3-answer.md
cs/foundations/languages/java/syntax/53-bigdecimal/1-question.md	languages/java/syntax/53-bigdecimal/1-question.md
cs/foundations/languages/java/syntax/53-bigdecimal/2-summary.md	languages/java/syntax/53-bigdecimal/2-summary.md
cs/foundations/languages/java/syntax/53-bigdecimal/3-answer.md	languages/java/syntax/53-bigdecimal/3-answer.md
cs/foundations/languages/java/syntax/54-executorservice-and-future/1-question.md	languages/java/syntax/54-executorservice-and-future/1-question.md
cs/foundations/languages/java/syntax/54-executorservice-and-future/2-summary.md	languages/java/syntax/54-executorservice-and-future/2-summary.md
cs/foundations/languages/java/syntax/54-executorservice-and-future/3-answer.md	languages/java/syntax/54-executorservice-and-future/3-answer.md
cs/foundations/languages/java/syntax/55-atomics-and-concurrent-collections/1-question.md	languages/java/syntax/55-atomics-and-concurrent-collections/1-question.md
cs/foundations/languages/java/syntax/55-atomics-and-concurrent-collections/2-summary.md	languages/java/syntax/55-atomics-and-concurrent-collections/2-summary.md
cs/foundations/languages/java/syntax/55-atomics-and-concurrent-collections/3-answer.md	languages/java/syntax/55-atomics-and-concurrent-collections/3-answer.md
cs/foundations/languages/java/syntax/56-virtual-threads/1-question.md	languages/java/syntax/56-virtual-threads/1-question.md
cs/foundations/languages/java/syntax/56-virtual-threads/2-summary.md	languages/java/syntax/56-virtual-threads/2-summary.md
cs/foundations/languages/java/syntax/56-virtual-threads/3-answer.md	languages/java/syntax/56-virtual-threads/3-answer.md
cs/foundations/languages/java/syntax/57-files-and-path/1-question.md	languages/java/syntax/57-files-and-path/1-question.md
cs/foundations/languages/java/syntax/57-files-and-path/2-summary.md	languages/java/syntax/57-files-and-path/2-summary.md
cs/foundations/languages/java/syntax/57-files-and-path/3-answer.md	languages/java/syntax/57-files-and-path/3-answer.md
cs/foundations/languages/java/syntax/58-reflection/1-question.md	languages/java/syntax/58-reflection/1-question.md
cs/foundations/languages/java/syntax/58-reflection/2-summary.md	languages/java/syntax/58-reflection/2-summary.md
cs/foundations/languages/java/syntax/58-reflection/3-answer.md	languages/java/syntax/58-reflection/3-answer.md
cs/foundations/languages/java/syntax/59-immutable-objects/1-question.md	languages/java/syntax/59-immutable-objects/1-question.md
cs/foundations/languages/java/syntax/59-immutable-objects/2-summary.md	languages/java/syntax/59-immutable-objects/2-summary.md
cs/foundations/languages/java/syntax/59-immutable-objects/3-answer.md	languages/java/syntax/59-immutable-objects/3-answer.md
cs/foundations/languages/java/syntax/60-null-handling/1-question.md	languages/java/syntax/60-null-handling/1-question.md
cs/foundations/languages/java/syntax/60-null-handling/2-summary.md	languages/java/syntax/60-null-handling/2-summary.md
cs/foundations/languages/java/syntax/60-null-handling/3-answer.md	languages/java/syntax/60-null-handling/3-answer.md
cs/foundations/languages/java/syntax/README.md	languages/java/syntax/README.md
"cs/foundations/languages/java/\354\226\270\354\226\264-\355\212\271\354\204\261/README.md"	"languages/java/\354\226\270\354\226\264-\355\212\271\354\204\261/README.md"
cs/foundations/languages/js/syntax/01-value-types-and-typeof/1-question.md	languages/js/syntax/01-value-types-and-typeof/1-question.md
cs/foundations/languages/js/syntax/01-value-types-and-typeof/2-summary.md	languages/js/syntax/01-value-types-and-typeof/2-summary.md
cs/foundations/languages/js/syntax/01-value-types-and-typeof/3-answer.md	languages/js/syntax/01-value-types-and-typeof/3-answer.md
cs/foundations/languages/js/syntax/02-coercion-and-loose-equality/1-question.md	languages/js/syntax/02-coercion-and-loose-equality/1-question.md
cs/foundations/languages/js/syntax/02-coercion-and-loose-equality/2-summary.md	languages/js/syntax/02-coercion-and-loose-equality/2-summary.md
cs/foundations/languages/js/syntax/02-coercion-and-loose-equality/3-answer.md	languages/js/syntax/02-coercion-and-loose-equality/3-answer.md
cs/foundations/languages/js/syntax/03-numbers-and-bigint/1-question.md	languages/js/syntax/03-numbers-and-bigint/1-question.md
cs/foundations/languages/js/syntax/03-numbers-and-bigint/2-summary.md	languages/js/syntax/03-numbers-and-bigint/2-summary.md
cs/foundations/languages/js/syntax/03-numbers-and-bigint/3-answer.md	languages/js/syntax/03-numbers-and-bigint/3-answer.md
cs/foundations/languages/js/syntax/04-strings-and-utf16/1-question.md	languages/js/syntax/04-strings-and-utf16/1-question.md
cs/foundations/languages/js/syntax/04-strings-and-utf16/2-summary.md	languages/js/syntax/04-strings-and-utf16/2-summary.md
cs/foundations/languages/js/syntax/04-strings-and-utf16/3-answer.md	languages/js/syntax/04-strings-and-utf16/3-answer.md
cs/foundations/languages/js/syntax/05-var-let-const-and-tdz/1-question.md	languages/js/syntax/05-var-let-const-and-tdz/1-question.md
cs/foundations/languages/js/syntax/05-var-let-const-and-tdz/2-summary.md	languages/js/syntax/05-var-let-const-and-tdz/2-summary.md
cs/foundations/languages/js/syntax/05-var-let-const-and-tdz/3-answer.md	languages/js/syntax/05-var-let-const-and-tdz/3-answer.md
cs/foundations/languages/js/syntax/06-scope-and-closures/1-question.md	languages/js/syntax/06-scope-and-closures/1-question.md
cs/foundations/languages/js/syntax/06-scope-and-closures/2-summary.md	languages/js/syntax/06-scope-and-closures/2-summary.md
cs/foundations/languages/js/syntax/06-scope-and-closures/3-answer.md	languages/js/syntax/06-scope-and-closures/3-answer.md
cs/foundations/languages/js/syntax/07-this-binding-four-rules/1-question.md	languages/js/syntax/07-this-binding-four-rules/1-question.md
cs/foundations/languages/js/syntax/07-this-binding-four-rules/2-summary.md	languages/js/syntax/07-this-binding-four-rules/2-summary.md
cs/foundations/languages/js/syntax/07-this-binding-four-rules/3-answer.md	languages/js/syntax/07-this-binding-four-rules/3-answer.md
cs/foundations/languages/js/syntax/08-function-forms-and-parameters/1-question.md	languages/js/syntax/08-function-forms-and-parameters/1-question.md
cs/foundations/languages/js/syntax/08-function-forms-and-parameters/2-summary.md	languages/js/syntax/08-function-forms-and-parameters/2-summary.md
cs/foundations/languages/js/syntax/08-function-forms-and-parameters/3-answer.md	languages/js/syntax/08-function-forms-and-parameters/3-answer.md
cs/foundations/languages/js/syntax/09-call-apply-bind/1-question.md	languages/js/syntax/09-call-apply-bind/1-question.md
cs/foundations/languages/js/syntax/09-call-apply-bind/2-summary.md	languages/js/syntax/09-call-apply-bind/2-summary.md
cs/foundations/languages/js/syntax/09-call-apply-bind/3-answer.md	languages/js/syntax/09-call-apply-bind/3-answer.md
cs/foundations/languages/js/syntax/10-destructuring-assignment/1-question.md	languages/js/syntax/10-destructuring-assignment/1-question.md
cs/foundations/languages/js/syntax/10-destructuring-assignment/2-summary.md	languages/js/syntax/10-destructuring-assignment/2-summary.md
cs/foundations/languages/js/syntax/10-destructuring-assignment/3-answer.md	languages/js/syntax/10-destructuring-assignment/3-answer.md
cs/foundations/languages/js/syntax/11-spread-and-rest/1-question.md	languages/js/syntax/11-spread-and-rest/1-question.md
cs/foundations/languages/js/syntax/11-spread-and-rest/2-summary.md	languages/js/syntax/11-spread-and-rest/2-summary.md
cs/foundations/languages/js/syntax/11-spread-and-rest/3-answer.md	languages/js/syntax/11-spread-and-rest/3-answer.md
cs/foundations/languages/js/syntax/12-optional-chaining-nullish-and-logical-assignment/1-question.md	languages/js/syntax/12-optional-chaining-nullish-and-logical-assignment/1-question.md
cs/foundations/languages/js/syntax/12-optional-chaining-nullish-and-logical-assignment/2-summary.md	languages/js/syntax/12-optional-chaining-nullish-and-logical-assignment/2-summary.md
cs/foundations/languages/js/syntax/12-optional-chaining-nullish-and-logical-assignment/3-answer.md	languages/js/syntax/12-optional-chaining-nullish-and-logical-assignment/3-answer.md
cs/foundations/languages/js/syntax/13-object-literals-and-properties/1-question.md	languages/js/syntax/13-object-literals-and-properties/1-question.md
cs/foundations/languages/js/syntax/13-object-literals-and-properties/2-summary.md	languages/js/syntax/13-object-literals-and-properties/2-summary.md
cs/foundations/languages/js/syntax/13-object-literals-and-properties/3-answer.md	languages/js/syntax/13-object-literals-and-properties/3-answer.md
cs/foundations/languages/js/syntax/14-property-descriptors-and-freezing/1-question.md	languages/js/syntax/14-property-descriptors-and-freezing/1-question.md
cs/foundations/languages/js/syntax/14-property-descriptors-and-freezing/2-summary.md	languages/js/syntax/14-property-descriptors-and-freezing/2-summary.md
cs/foundations/languages/js/syntax/14-property-descriptors-and-freezing/3-answer.md	languages/js/syntax/14-property-descriptors-and-freezing/3-answer.md
cs/foundations/languages/js/syntax/15-prototype-chain/1-question.md	languages/js/syntax/15-prototype-chain/1-question.md
cs/foundations/languages/js/syntax/15-prototype-chain/2-summary.md	languages/js/syntax/15-prototype-chain/2-summary.md
cs/foundations/languages/js/syntax/15-prototype-chain/3-answer.md	languages/js/syntax/15-prototype-chain/3-answer.md
cs/foundations/languages/js/syntax/16-class-syntax/1-question.md	languages/js/syntax/16-class-syntax/1-question.md
cs/foundations/languages/js/syntax/16-class-syntax/2-summary.md	languages/js/syntax/16-class-syntax/2-summary.md
cs/foundations/languages/js/syntax/16-class-syntax/3-answer.md	languages/js/syntax/16-class-syntax/3-answer.md
cs/foundations/languages/js/syntax/17-inheritance-and-super/1-question.md	languages/js/syntax/17-inheritance-and-super/1-question.md
cs/foundations/languages/js/syntax/17-inheritance-and-super/2-summary.md	languages/js/syntax/17-inheritance-and-super/2-summary.md
cs/foundations/languages/js/syntax/17-inheritance-and-super/3-answer.md	languages/js/syntax/17-inheritance-and-super/3-answer.md
cs/foundations/languages/js/syntax/18-for-in-and-enumeration/1-question.md	languages/js/syntax/18-for-in-and-enumeration/1-question.md
cs/foundations/languages/js/syntax/18-for-in-and-enumeration/2-summary.md	languages/js/syntax/18-for-in-and-enumeration/2-summary.md
cs/foundations/languages/js/syntax/18-for-in-and-enumeration/3-answer.md	languages/js/syntax/18-for-in-and-enumeration/3-answer.md
cs/foundations/languages/js/syntax/19-iterable-protocol-and-for-of/1-question.md	languages/js/syntax/19-iterable-protocol-and-for-of/1-question.md
cs/foundations/languages/js/syntax/19-iterable-protocol-and-for-of/2-summary.md	languages/js/syntax/19-iterable-protocol-and-for-of/2-summary.md
cs/foundations/languages/js/syntax/19-iterable-protocol-and-for-of/3-answer.md	languages/js/syntax/19-iterable-protocol-and-for-of/3-answer.md
cs/foundations/languages/js/syntax/20-generators/1-question.md	languages/js/syntax/20-generators/1-question.md
cs/foundations/languages/js/syntax/20-generators/2-summary.md	languages/js/syntax/20-generators/2-summary.md
cs/foundations/languages/js/syntax/20-generators/3-answer.md	languages/js/syntax/20-generators/3-answer.md
cs/foundations/languages/js/syntax/21-iterator-helpers/1-question.md	languages/js/syntax/21-iterator-helpers/1-question.md
cs/foundations/languages/js/syntax/21-iterator-helpers/2-summary.md	languages/js/syntax/21-iterator-helpers/2-summary.md
cs/foundations/languages/js/syntax/21-iterator-helpers/3-answer.md	languages/js/syntax/21-iterator-helpers/3-answer.md
cs/foundations/languages/js/syntax/22-symbol-and-well-known-symbols/1-question.md	languages/js/syntax/22-symbol-and-well-known-symbols/1-question.md
cs/foundations/languages/js/syntax/22-symbol-and-well-known-symbols/2-summary.md	languages/js/syntax/22-symbol-and-well-known-symbols/2-summary.md
cs/foundations/languages/js/syntax/22-symbol-and-well-known-symbols/3-answer.md	languages/js/syntax/22-symbol-and-well-known-symbols/3-answer.md
cs/foundations/languages/js/syntax/23-map-set-and-weak-collections/1-question.md	languages/js/syntax/23-map-set-and-weak-collections/1-question.md
cs/foundations/languages/js/syntax/23-map-set-and-weak-collections/2-summary.md	languages/js/syntax/23-map-set-and-weak-collections/2-summary.md
cs/foundations/languages/js/syntax/23-map-set-and-weak-collections/3-answer.md	languages/js/syntax/23-map-set-and-weak-collections/3-answer.md
cs/foundations/languages/js/syntax/24-array-mutating-methods/1-question.md	languages/js/syntax/24-array-mutating-methods/1-question.md
cs/foundations/languages/js/syntax/24-array-mutating-methods/2-summary.md	languages/js/syntax/24-array-mutating-methods/2-summary.md
cs/foundations/languages/js/syntax/24-array-mutating-methods/3-answer.md	languages/js/syntax/24-array-mutating-methods/3-answer.md
cs/foundations/languages/js/syntax/25-array-non-mutating-and-copy-methods/1-question.md	languages/js/syntax/25-array-non-mutating-and-copy-methods/1-question.md
cs/foundations/languages/js/syntax/25-array-non-mutating-and-copy-methods/2-summary.md	languages/js/syntax/25-array-non-mutating-and-copy-methods/2-summary.md
cs/foundations/languages/js/syntax/25-array-non-mutating-and-copy-methods/3-answer.md	languages/js/syntax/25-array-non-mutating-and-copy-methods/3-answer.md
cs/foundations/languages/js/syntax/26-array-search-flatten-and-create/1-question.md	languages/js/syntax/26-array-search-flatten-and-create/1-question.md
cs/foundations/languages/js/syntax/26-array-search-flatten-and-create/2-summary.md	languages/js/syntax/26-array-search-flatten-and-create/2-summary.md
cs/foundations/languages/js/syntax/26-array-search-flatten-and-create/3-answer.md	languages/js/syntax/26-array-search-flatten-and-create/3-answer.md
cs/foundations/languages/js/syntax/27-object-static-methods/1-question.md	languages/js/syntax/27-object-static-methods/1-question.md
cs/foundations/languages/js/syntax/27-object-static-methods/2-summary.md	languages/js/syntax/27-object-static-methods/2-summary.md
cs/foundations/languages/js/syntax/27-object-static-methods/3-answer.md	languages/js/syntax/27-object-static-methods/3-answer.md
cs/foundations/languages/js/syntax/28-string-methods-and-template-literals/1-question.md	languages/js/syntax/28-string-methods-and-template-literals/1-question.md
cs/foundations/languages/js/syntax/28-string-methods-and-template-literals/2-summary.md	languages/js/syntax/28-string-methods-and-template-literals/2-summary.md
cs/foundations/languages/js/syntax/28-string-methods-and-template-literals/3-answer.md	languages/js/syntax/28-string-methods-and-template-literals/3-answer.md
cs/foundations/languages/js/syntax/29-regexp-basics/1-question.md	languages/js/syntax/29-regexp-basics/1-question.md
cs/foundations/languages/js/syntax/29-regexp-basics/2-summary.md	languages/js/syntax/29-regexp-basics/2-summary.md
cs/foundations/languages/js/syntax/29-regexp-basics/3-answer.md	languages/js/syntax/29-regexp-basics/3-answer.md
cs/foundations/languages/js/syntax/30-regexp-advanced/1-question.md	languages/js/syntax/30-regexp-advanced/1-question.md
cs/foundations/languages/js/syntax/30-regexp-advanced/2-summary.md	languages/js/syntax/30-regexp-advanced/2-summary.md
cs/foundations/languages/js/syntax/30-regexp-advanced/3-answer.md	languages/js/syntax/30-regexp-advanced/3-answer.md
cs/foundations/languages/js/syntax/31-json/1-question.md	languages/js/syntax/31-json/1-question.md
cs/foundations/languages/js/syntax/31-json/2-summary.md	languages/js/syntax/31-json/2-summary.md
cs/foundations/languages/js/syntax/31-json/3-answer.md	languages/js/syntax/31-json/3-answer.md
cs/foundations/languages/js/syntax/32-error-handling-and-error/1-question.md	languages/js/syntax/32-error-handling-and-error/1-question.md
cs/foundations/languages/js/syntax/32-error-handling-and-error/2-summary.md	languages/js/syntax/32-error-handling-and-error/2-summary.md
cs/foundations/languages/js/syntax/32-error-handling-and-error/3-answer.md	languages/js/syntax/32-error-handling-and-error/3-answer.md
cs/foundations/languages/js/syntax/33-equality-three-kinds/1-question.md	languages/js/syntax/33-equality-three-kinds/1-question.md
cs/foundations/languages/js/syntax/33-equality-three-kinds/2-summary.md	languages/js/syntax/33-equality-three-kinds/2-summary.md
cs/foundations/languages/js/syntax/33-equality-three-kinds/3-answer.md	languages/js/syntax/33-equality-three-kinds/3-answer.md
cs/foundations/languages/js/syntax/34-type-checking-idioms/1-question.md	languages/js/syntax/34-type-checking-idioms/1-question.md
cs/foundations/languages/js/syntax/34-type-checking-idioms/2-summary.md	languages/js/syntax/34-type-checking-idioms/2-summary.md
cs/foundations/languages/js/syntax/34-type-checking-idioms/3-answer.md	languages/js/syntax/34-type-checking-idioms/3-answer.md
cs/foundations/languages/js/syntax/35-strict-mode/1-question.md	languages/js/syntax/35-strict-mode/1-question.md
cs/foundations/languages/js/syntax/35-strict-mode/2-summary.md	languages/js/syntax/35-strict-mode/2-summary.md
cs/foundations/languages/js/syntax/35-strict-mode/3-answer.md	languages/js/syntax/35-strict-mode/3-answer.md
cs/foundations/languages/js/syntax/36-event-loop-and-microtasks/1-question.md	languages/js/syntax/36-event-loop-and-microtasks/1-question.md
cs/foundations/languages/js/syntax/36-event-loop-and-microtasks/2-summary.md	languages/js/syntax/36-event-loop-and-microtasks/2-summary.md
cs/foundations/languages/js/syntax/36-event-loop-and-microtasks/3-answer.md	languages/js/syntax/36-event-loop-and-microtasks/3-answer.md
cs/foundations/languages/js/syntax/37-promise-state-model/1-question.md	languages/js/syntax/37-promise-state-model/1-question.md
cs/foundations/languages/js/syntax/37-promise-state-model/2-summary.md	languages/js/syntax/37-promise-state-model/2-summary.md
cs/foundations/languages/js/syntax/37-promise-state-model/3-answer.md	languages/js/syntax/37-promise-state-model/3-answer.md
cs/foundations/languages/js/syntax/38-promise-combinators/1-question.md	languages/js/syntax/38-promise-combinators/1-question.md
cs/foundations/languages/js/syntax/38-promise-combinators/2-summary.md	languages/js/syntax/38-promise-combinators/2-summary.md
cs/foundations/languages/js/syntax/38-promise-combinators/3-answer.md	languages/js/syntax/38-promise-combinators/3-answer.md
cs/foundations/languages/js/syntax/39-async-await/1-question.md	languages/js/syntax/39-async-await/1-question.md
cs/foundations/languages/js/syntax/39-async-await/2-summary.md	languages/js/syntax/39-async-await/2-summary.md
cs/foundations/languages/js/syntax/39-async-await/3-answer.md	languages/js/syntax/39-async-await/3-answer.md
cs/foundations/languages/js/syntax/40-async-iteration-and-for-await/1-question.md	languages/js/syntax/40-async-iteration-and-for-await/1-question.md
cs/foundations/languages/js/syntax/40-async-iteration-and-for-await/2-summary.md	languages/js/syntax/40-async-iteration-and-for-await/2-summary.md
cs/foundations/languages/js/syntax/40-async-iteration-and-for-await/3-answer.md	languages/js/syntax/40-async-iteration-and-for-await/3-answer.md
cs/foundations/languages/js/syntax/41-cancellation-and-timeouts/1-question.md	languages/js/syntax/41-cancellation-and-timeouts/1-question.md
cs/foundations/languages/js/syntax/41-cancellation-and-timeouts/2-summary.md	languages/js/syntax/41-cancellation-and-timeouts/2-summary.md
cs/foundations/languages/js/syntax/41-cancellation-and-timeouts/3-answer.md	languages/js/syntax/41-cancellation-and-timeouts/3-answer.md
cs/foundations/languages/js/syntax/42-esm-modules/1-question.md	languages/js/syntax/42-esm-modules/1-question.md
cs/foundations/languages/js/syntax/42-esm-modules/2-summary.md	languages/js/syntax/42-esm-modules/2-summary.md
cs/foundations/languages/js/syntax/42-esm-modules/3-answer.md	languages/js/syntax/42-esm-modules/3-answer.md
cs/foundations/languages/js/syntax/43-cjs-and-esm-interop/1-question.md	languages/js/syntax/43-cjs-and-esm-interop/1-question.md
cs/foundations/languages/js/syntax/43-cjs-and-esm-interop/2-summary.md	languages/js/syntax/43-cjs-and-esm-interop/2-summary.md
cs/foundations/languages/js/syntax/43-cjs-and-esm-interop/3-answer.md	languages/js/syntax/43-cjs-and-esm-interop/3-answer.md
cs/foundations/languages/js/syntax/44-dynamic-import-top-level-await-and-import-attributes/1-question.md	languages/js/syntax/44-dynamic-import-top-level-await-and-import-attributes/1-question.md
cs/foundations/languages/js/syntax/44-dynamic-import-top-level-await-and-import-attributes/2-summary.md	languages/js/syntax/44-dynamic-import-top-level-await-and-import-attributes/2-summary.md
cs/foundations/languages/js/syntax/44-dynamic-import-top-level-await-and-import-attributes/3-answer.md	languages/js/syntax/44-dynamic-import-top-level-await-and-import-attributes/3-answer.md
cs/foundations/languages/js/syntax/45-proxy/1-question.md	languages/js/syntax/45-proxy/1-question.md
cs/foundations/languages/js/syntax/45-proxy/2-summary.md	languages/js/syntax/45-proxy/2-summary.md
cs/foundations/languages/js/syntax/45-proxy/3-answer.md	languages/js/syntax/45-proxy/3-answer.md
cs/foundations/languages/js/syntax/46-reflect/1-question.md	languages/js/syntax/46-reflect/1-question.md
cs/foundations/languages/js/syntax/46-reflect/2-summary.md	languages/js/syntax/46-reflect/2-summary.md
cs/foundations/languages/js/syntax/46-reflect/3-answer.md	languages/js/syntax/46-reflect/3-answer.md
cs/foundations/languages/js/syntax/47-weakref-and-finalizationregistry/1-question.md	languages/js/syntax/47-weakref-and-finalizationregistry/1-question.md
cs/foundations/languages/js/syntax/47-weakref-and-finalizationregistry/2-summary.md	languages/js/syntax/47-weakref-and-finalizationregistry/2-summary.md
cs/foundations/languages/js/syntax/47-weakref-and-finalizationregistry/3-answer.md	languages/js/syntax/47-weakref-and-finalizationregistry/3-answer.md
cs/foundations/languages/js/syntax/48-deep-copy-methods-compared/1-question.md	languages/js/syntax/48-deep-copy-methods-compared/1-question.md
cs/foundations/languages/js/syntax/48-deep-copy-methods-compared/2-summary.md	languages/js/syntax/48-deep-copy-methods-compared/2-summary.md
cs/foundations/languages/js/syntax/48-deep-copy-methods-compared/3-answer.md	languages/js/syntax/48-deep-copy-methods-compared/3-answer.md
cs/foundations/languages/js/syntax/49-date-and-temporal/1-question.md	languages/js/syntax/49-date-and-temporal/1-question.md
cs/foundations/languages/js/syntax/49-date-and-temporal/2-summary.md	languages/js/syntax/49-date-and-temporal/2-summary.md
cs/foundations/languages/js/syntax/49-date-and-temporal/3-answer.md	languages/js/syntax/49-date-and-temporal/3-answer.md
cs/foundations/languages/js/syntax/50-intl-formatting/1-question.md	languages/js/syntax/50-intl-formatting/1-question.md
cs/foundations/languages/js/syntax/50-intl-formatting/2-summary.md	languages/js/syntax/50-intl-formatting/2-summary.md
cs/foundations/languages/js/syntax/50-intl-formatting/3-answer.md	languages/js/syntax/50-intl-formatting/3-answer.md
cs/foundations/languages/js/syntax/51-explicit-resource-management-and-using/1-question.md	languages/js/syntax/51-explicit-resource-management-and-using/1-question.md
cs/foundations/languages/js/syntax/51-explicit-resource-management-and-using/2-summary.md	languages/js/syntax/51-explicit-resource-management-and-using/2-summary.md
cs/foundations/languages/js/syntax/51-explicit-resource-management-and-using/3-answer.md	languages/js/syntax/51-explicit-resource-management-and-using/3-answer.md
cs/foundations/languages/js/syntax/52-switch-labels-and-control-flow/1-question.md	languages/js/syntax/52-switch-labels-and-control-flow/1-question.md
cs/foundations/languages/js/syntax/52-switch-labels-and-control-flow/2-summary.md	languages/js/syntax/52-switch-labels-and-control-flow/2-summary.md
cs/foundations/languages/js/syntax/52-switch-labels-and-control-flow/3-answer.md	languages/js/syntax/52-switch-labels-and-control-flow/3-answer.md
cs/foundations/languages/js/syntax/README.md	languages/js/syntax/README.md
cs/foundations/languages/kotlin/syntax/01-val-var-and-basic-types/1-question.md	languages/kotlin/syntax/01-val-var-and-basic-types/1-question.md
cs/foundations/languages/kotlin/syntax/01-val-var-and-basic-types/2-summary.md	languages/kotlin/syntax/01-val-var-and-basic-types/2-summary.md
cs/foundations/languages/kotlin/syntax/01-val-var-and-basic-types/3-answer.md	languages/kotlin/syntax/01-val-var-and-basic-types/3-answer.md
cs/foundations/languages/kotlin/syntax/02-string-templates-and-raw-strings/1-question.md	languages/kotlin/syntax/02-string-templates-and-raw-strings/1-question.md
cs/foundations/languages/kotlin/syntax/02-string-templates-and-raw-strings/2-summary.md	languages/kotlin/syntax/02-string-templates-and-raw-strings/2-summary.md
cs/foundations/languages/kotlin/syntax/02-string-templates-and-raw-strings/3-answer.md	languages/kotlin/syntax/02-string-templates-and-raw-strings/3-answer.md
cs/foundations/languages/kotlin/syntax/03-null-safe-types/1-question.md	languages/kotlin/syntax/03-null-safe-types/1-question.md
cs/foundations/languages/kotlin/syntax/03-null-safe-types/2-summary.md	languages/kotlin/syntax/03-null-safe-types/2-summary.md
cs/foundations/languages/kotlin/syntax/03-null-safe-types/3-answer.md	languages/kotlin/syntax/03-null-safe-types/3-answer.md
cs/foundations/languages/kotlin/syntax/04-smart-casts/1-question.md	languages/kotlin/syntax/04-smart-casts/1-question.md
cs/foundations/languages/kotlin/syntax/04-smart-casts/2-summary.md	languages/kotlin/syntax/04-smart-casts/2-summary.md
cs/foundations/languages/kotlin/syntax/04-smart-casts/3-answer.md	languages/kotlin/syntax/04-smart-casts/3-answer.md
cs/foundations/languages/kotlin/syntax/05-platform-types/1-question.md	languages/kotlin/syntax/05-platform-types/1-question.md
cs/foundations/languages/kotlin/syntax/05-platform-types/2-summary.md	languages/kotlin/syntax/05-platform-types/2-summary.md
cs/foundations/languages/kotlin/syntax/05-platform-types/3-answer.md	languages/kotlin/syntax/05-platform-types/3-answer.md
cs/foundations/languages/kotlin/syntax/06-when-expression/1-question.md	languages/kotlin/syntax/06-when-expression/1-question.md
cs/foundations/languages/kotlin/syntax/06-when-expression/2-summary.md	languages/kotlin/syntax/06-when-expression/2-summary.md
cs/foundations/languages/kotlin/syntax/06-when-expression/3-answer.md	languages/kotlin/syntax/06-when-expression/3-answer.md
cs/foundations/languages/kotlin/syntax/07-loops-ranges-and-labels/1-question.md	languages/kotlin/syntax/07-loops-ranges-and-labels/1-question.md
cs/foundations/languages/kotlin/syntax/07-loops-ranges-and-labels/2-summary.md	languages/kotlin/syntax/07-loops-ranges-and-labels/2-summary.md
cs/foundations/languages/kotlin/syntax/07-loops-ranges-and-labels/3-answer.md	languages/kotlin/syntax/07-loops-ranges-and-labels/3-answer.md
cs/foundations/languages/kotlin/syntax/08-function-declaration-default-and-named-args/1-question.md	languages/kotlin/syntax/08-function-declaration-default-and-named-args/1-question.md
cs/foundations/languages/kotlin/syntax/08-function-declaration-default-and-named-args/2-summary.md	languages/kotlin/syntax/08-function-declaration-default-and-named-args/2-summary.md
cs/foundations/languages/kotlin/syntax/08-function-declaration-default-and-named-args/3-answer.md	languages/kotlin/syntax/08-function-declaration-default-and-named-args/3-answer.md
cs/foundations/languages/kotlin/syntax/09-varargs-spread-local-and-infix-functions/1-question.md	languages/kotlin/syntax/09-varargs-spread-local-and-infix-functions/1-question.md
cs/foundations/languages/kotlin/syntax/09-varargs-spread-local-and-infix-functions/2-summary.md	languages/kotlin/syntax/09-varargs-spread-local-and-infix-functions/2-summary.md
cs/foundations/languages/kotlin/syntax/09-varargs-spread-local-and-infix-functions/3-answer.md	languages/kotlin/syntax/09-varargs-spread-local-and-infix-functions/3-answer.md
cs/foundations/languages/kotlin/syntax/10-lambdas-and-higher-order-functions/1-question.md	languages/kotlin/syntax/10-lambdas-and-higher-order-functions/1-question.md
cs/foundations/languages/kotlin/syntax/10-lambdas-and-higher-order-functions/2-summary.md	languages/kotlin/syntax/10-lambdas-and-higher-order-functions/2-summary.md
cs/foundations/languages/kotlin/syntax/10-lambdas-and-higher-order-functions/3-answer.md	languages/kotlin/syntax/10-lambdas-and-higher-order-functions/3-answer.md
cs/foundations/languages/kotlin/syntax/11-inline-functions/1-question.md	languages/kotlin/syntax/11-inline-functions/1-question.md
cs/foundations/languages/kotlin/syntax/11-inline-functions/2-summary.md	languages/kotlin/syntax/11-inline-functions/2-summary.md
cs/foundations/languages/kotlin/syntax/11-inline-functions/3-answer.md	languages/kotlin/syntax/11-inline-functions/3-answer.md
cs/foundations/languages/kotlin/syntax/12-reified-type-parameters/1-question.md	languages/kotlin/syntax/12-reified-type-parameters/1-question.md
cs/foundations/languages/kotlin/syntax/12-reified-type-parameters/2-summary.md	languages/kotlin/syntax/12-reified-type-parameters/2-summary.md
cs/foundations/languages/kotlin/syntax/12-reified-type-parameters/3-answer.md	languages/kotlin/syntax/12-reified-type-parameters/3-answer.md
cs/foundations/languages/kotlin/syntax/13-extension-functions-and-properties/1-question.md	languages/kotlin/syntax/13-extension-functions-and-properties/1-question.md
cs/foundations/languages/kotlin/syntax/13-extension-functions-and-properties/2-summary.md	languages/kotlin/syntax/13-extension-functions-and-properties/2-summary.md
cs/foundations/languages/kotlin/syntax/13-extension-functions-and-properties/3-answer.md	languages/kotlin/syntax/13-extension-functions-and-properties/3-answer.md
cs/foundations/languages/kotlin/syntax/14-scope-functions/1-question.md	languages/kotlin/syntax/14-scope-functions/1-question.md
cs/foundations/languages/kotlin/syntax/14-scope-functions/2-summary.md	languages/kotlin/syntax/14-scope-functions/2-summary.md
cs/foundations/languages/kotlin/syntax/14-scope-functions/3-answer.md	languages/kotlin/syntax/14-scope-functions/3-answer.md
cs/foundations/languages/kotlin/syntax/15-class-declaration-constructors-and-init/1-question.md	languages/kotlin/syntax/15-class-declaration-constructors-and-init/1-question.md
cs/foundations/languages/kotlin/syntax/15-class-declaration-constructors-and-init/2-summary.md	languages/kotlin/syntax/15-class-declaration-constructors-and-init/2-summary.md
cs/foundations/languages/kotlin/syntax/15-class-declaration-constructors-and-init/3-answer.md	languages/kotlin/syntax/15-class-declaration-constructors-and-init/3-answer.md
cs/foundations/languages/kotlin/syntax/16-properties-backing-field-lateinit-const/1-question.md	languages/kotlin/syntax/16-properties-backing-field-lateinit-const/1-question.md
cs/foundations/languages/kotlin/syntax/16-properties-backing-field-lateinit-const/2-summary.md	languages/kotlin/syntax/16-properties-backing-field-lateinit-const/2-summary.md
cs/foundations/languages/kotlin/syntax/16-properties-backing-field-lateinit-const/3-answer.md	languages/kotlin/syntax/16-properties-backing-field-lateinit-const/3-answer.md
cs/foundations/languages/kotlin/syntax/17-delegated-properties/1-question.md	languages/kotlin/syntax/17-delegated-properties/1-question.md
cs/foundations/languages/kotlin/syntax/17-delegated-properties/2-summary.md	languages/kotlin/syntax/17-delegated-properties/2-summary.md
cs/foundations/languages/kotlin/syntax/17-delegated-properties/3-answer.md	languages/kotlin/syntax/17-delegated-properties/3-answer.md
cs/foundations/languages/kotlin/syntax/18-visibility-modifiers/1-question.md	languages/kotlin/syntax/18-visibility-modifiers/1-question.md
cs/foundations/languages/kotlin/syntax/18-visibility-modifiers/2-summary.md	languages/kotlin/syntax/18-visibility-modifiers/2-summary.md
cs/foundations/languages/kotlin/syntax/18-visibility-modifiers/3-answer.md	languages/kotlin/syntax/18-visibility-modifiers/3-answer.md
cs/foundations/languages/kotlin/syntax/19-inheritance-open-final-override/1-question.md	languages/kotlin/syntax/19-inheritance-open-final-override/1-question.md
cs/foundations/languages/kotlin/syntax/19-inheritance-open-final-override/2-summary.md	languages/kotlin/syntax/19-inheritance-open-final-override/2-summary.md
cs/foundations/languages/kotlin/syntax/19-inheritance-open-final-override/3-answer.md	languages/kotlin/syntax/19-inheritance-open-final-override/3-answer.md
cs/foundations/languages/kotlin/syntax/20-interfaces-default-impl-and-super/1-question.md	languages/kotlin/syntax/20-interfaces-default-impl-and-super/1-question.md
cs/foundations/languages/kotlin/syntax/20-interfaces-default-impl-and-super/2-summary.md	languages/kotlin/syntax/20-interfaces-default-impl-and-super/2-summary.md
cs/foundations/languages/kotlin/syntax/20-interfaces-default-impl-and-super/3-answer.md	languages/kotlin/syntax/20-interfaces-default-impl-and-super/3-answer.md
cs/foundations/languages/kotlin/syntax/21-class-delegation-by/1-question.md	languages/kotlin/syntax/21-class-delegation-by/1-question.md
cs/foundations/languages/kotlin/syntax/21-class-delegation-by/2-summary.md	languages/kotlin/syntax/21-class-delegation-by/2-summary.md
cs/foundations/languages/kotlin/syntax/21-class-delegation-by/3-answer.md	languages/kotlin/syntax/21-class-delegation-by/3-answer.md
cs/foundations/languages/kotlin/syntax/22-data-class-generated-members/1-question.md	languages/kotlin/syntax/22-data-class-generated-members/1-question.md
cs/foundations/languages/kotlin/syntax/22-data-class-generated-members/2-summary.md	languages/kotlin/syntax/22-data-class-generated-members/2-summary.md
cs/foundations/languages/kotlin/syntax/22-data-class-generated-members/3-answer.md	languages/kotlin/syntax/22-data-class-generated-members/3-answer.md
cs/foundations/languages/kotlin/syntax/23-sealed-classes-and-when-exhaustiveness/1-question.md	languages/kotlin/syntax/23-sealed-classes-and-when-exhaustiveness/1-question.md
cs/foundations/languages/kotlin/syntax/23-sealed-classes-and-when-exhaustiveness/2-summary.md	languages/kotlin/syntax/23-sealed-classes-and-when-exhaustiveness/2-summary.md
cs/foundations/languages/kotlin/syntax/23-sealed-classes-and-when-exhaustiveness/3-answer.md	languages/kotlin/syntax/23-sealed-classes-and-when-exhaustiveness/3-answer.md
cs/foundations/languages/kotlin/syntax/24-enum-class-vs-sealed/1-question.md	languages/kotlin/syntax/24-enum-class-vs-sealed/1-question.md
cs/foundations/languages/kotlin/syntax/24-enum-class-vs-sealed/2-summary.md	languages/kotlin/syntax/24-enum-class-vs-sealed/2-summary.md
cs/foundations/languages/kotlin/syntax/24-enum-class-vs-sealed/3-answer.md	languages/kotlin/syntax/24-enum-class-vs-sealed/3-answer.md
cs/foundations/languages/kotlin/syntax/25-object-declaration-companion-and-object-expression/1-question.md	languages/kotlin/syntax/25-object-declaration-companion-and-object-expression/1-question.md
cs/foundations/languages/kotlin/syntax/25-object-declaration-companion-and-object-expression/2-summary.md	languages/kotlin/syntax/25-object-declaration-companion-and-object-expression/2-summary.md
cs/foundations/languages/kotlin/syntax/25-object-declaration-companion-and-object-expression/3-answer.md	languages/kotlin/syntax/25-object-declaration-companion-and-object-expression/3-answer.md
cs/foundations/languages/kotlin/syntax/26-value-class-and-boxing/1-question.md	languages/kotlin/syntax/26-value-class-and-boxing/1-question.md
cs/foundations/languages/kotlin/syntax/26-value-class-and-boxing/2-summary.md	languages/kotlin/syntax/26-value-class-and-boxing/2-summary.md
cs/foundations/languages/kotlin/syntax/26-value-class-and-boxing/3-answer.md	languages/kotlin/syntax/26-value-class-and-boxing/3-answer.md
cs/foundations/languages/kotlin/syntax/27-nested-and-inner-classes/1-question.md	languages/kotlin/syntax/27-nested-and-inner-classes/1-question.md
cs/foundations/languages/kotlin/syntax/27-nested-and-inner-classes/2-summary.md	languages/kotlin/syntax/27-nested-and-inner-classes/2-summary.md
cs/foundations/languages/kotlin/syntax/27-nested-and-inner-classes/3-answer.md	languages/kotlin/syntax/27-nested-and-inner-classes/3-answer.md
cs/foundations/languages/kotlin/syntax/28-generics-variance-in-out-star-where/1-question.md	languages/kotlin/syntax/28-generics-variance-in-out-star-where/1-question.md
cs/foundations/languages/kotlin/syntax/28-generics-variance-in-out-star-where/2-summary.md	languages/kotlin/syntax/28-generics-variance-in-out-star-where/2-summary.md
cs/foundations/languages/kotlin/syntax/28-generics-variance-in-out-star-where/3-answer.md	languages/kotlin/syntax/28-generics-variance-in-out-star-where/3-answer.md
cs/foundations/languages/kotlin/syntax/29-type-aliases-and-nested-type-aliases/1-question.md	languages/kotlin/syntax/29-type-aliases-and-nested-type-aliases/1-question.md
cs/foundations/languages/kotlin/syntax/29-type-aliases-and-nested-type-aliases/2-summary.md	languages/kotlin/syntax/29-type-aliases-and-nested-type-aliases/2-summary.md
cs/foundations/languages/kotlin/syntax/29-type-aliases-and-nested-type-aliases/3-answer.md	languages/kotlin/syntax/29-type-aliases-and-nested-type-aliases/3-answer.md
cs/foundations/languages/kotlin/syntax/30-destructuring-declarations-and-componentn/1-question.md	languages/kotlin/syntax/30-destructuring-declarations-and-componentn/1-question.md
cs/foundations/languages/kotlin/syntax/30-destructuring-declarations-and-componentn/2-summary.md	languages/kotlin/syntax/30-destructuring-declarations-and-componentn/2-summary.md
cs/foundations/languages/kotlin/syntax/30-destructuring-declarations-and-componentn/3-answer.md	languages/kotlin/syntax/30-destructuring-declarations-and-componentn/3-answer.md
cs/foundations/languages/kotlin/syntax/31-operator-overloading-infix-and-invoke/1-question.md	languages/kotlin/syntax/31-operator-overloading-infix-and-invoke/1-question.md
cs/foundations/languages/kotlin/syntax/31-operator-overloading-infix-and-invoke/2-summary.md	languages/kotlin/syntax/31-operator-overloading-infix-and-invoke/2-summary.md
cs/foundations/languages/kotlin/syntax/31-operator-overloading-infix-and-invoke/3-answer.md	languages/kotlin/syntax/31-operator-overloading-infix-and-invoke/3-answer.md
cs/foundations/languages/kotlin/syntax/32-equality-and-equals-contract/1-question.md	languages/kotlin/syntax/32-equality-and-equals-contract/1-question.md
cs/foundations/languages/kotlin/syntax/32-equality-and-equals-contract/2-summary.md	languages/kotlin/syntax/32-equality-and-equals-contract/2-summary.md
cs/foundations/languages/kotlin/syntax/32-equality-and-equals-contract/3-answer.md	languages/kotlin/syntax/32-equality-and-equals-contract/3-answer.md
cs/foundations/languages/kotlin/syntax/33-type-checks-and-casts-is-as/1-question.md	languages/kotlin/syntax/33-type-checks-and-casts-is-as/1-question.md
cs/foundations/languages/kotlin/syntax/33-type-checks-and-casts-is-as/2-summary.md	languages/kotlin/syntax/33-type-checks-and-casts-is-as/2-summary.md
cs/foundations/languages/kotlin/syntax/33-type-checks-and-casts-is-as/3-answer.md	languages/kotlin/syntax/33-type-checks-and-casts-is-as/3-answer.md
cs/foundations/languages/kotlin/syntax/34-exceptions-nothing-and-try-expression/1-question.md	languages/kotlin/syntax/34-exceptions-nothing-and-try-expression/1-question.md
cs/foundations/languages/kotlin/syntax/34-exceptions-nothing-and-try-expression/2-summary.md	languages/kotlin/syntax/34-exceptions-nothing-and-try-expression/2-summary.md
cs/foundations/languages/kotlin/syntax/34-exceptions-nothing-and-try-expression/3-answer.md	languages/kotlin/syntax/34-exceptions-nothing-and-try-expression/3-answer.md
cs/foundations/languages/kotlin/syntax/35-annotations-and-use-site-targets/1-question.md	languages/kotlin/syntax/35-annotations-and-use-site-targets/1-question.md
cs/foundations/languages/kotlin/syntax/35-annotations-and-use-site-targets/2-summary.md	languages/kotlin/syntax/35-annotations-and-use-site-targets/2-summary.md
cs/foundations/languages/kotlin/syntax/35-annotations-and-use-site-targets/3-answer.md	languages/kotlin/syntax/35-annotations-and-use-site-targets/3-answer.md
cs/foundations/languages/kotlin/syntax/36-function-types-fun-interface-and-sam-conversion/1-question.md	languages/kotlin/syntax/36-function-types-fun-interface-and-sam-conversion/1-question.md
cs/foundations/languages/kotlin/syntax/36-function-types-fun-interface-and-sam-conversion/2-summary.md	languages/kotlin/syntax/36-function-types-fun-interface-and-sam-conversion/2-summary.md
cs/foundations/languages/kotlin/syntax/36-function-types-fun-interface-and-sam-conversion/3-answer.md	languages/kotlin/syntax/36-function-types-fun-interface-and-sam-conversion/3-answer.md
cs/foundations/languages/kotlin/syntax/37-lambdas-with-receiver-and-type-safe-builders/1-question.md	languages/kotlin/syntax/37-lambdas-with-receiver-and-type-safe-builders/1-question.md
cs/foundations/languages/kotlin/syntax/37-lambdas-with-receiver-and-type-safe-builders/2-summary.md	languages/kotlin/syntax/37-lambdas-with-receiver-and-type-safe-builders/2-summary.md
cs/foundations/languages/kotlin/syntax/37-lambdas-with-receiver-and-type-safe-builders/3-answer.md	languages/kotlin/syntax/37-lambdas-with-receiver-and-type-safe-builders/3-answer.md
cs/foundations/languages/kotlin/syntax/38-context-parameters/1-question.md	languages/kotlin/syntax/38-context-parameters/1-question.md
cs/foundations/languages/kotlin/syntax/38-context-parameters/2-summary.md	languages/kotlin/syntax/38-context-parameters/2-summary.md
cs/foundations/languages/kotlin/syntax/38-context-parameters/3-answer.md	languages/kotlin/syntax/38-context-parameters/3-answer.md
cs/foundations/languages/kotlin/syntax/39-java-interop-annotations/1-question.md	languages/kotlin/syntax/39-java-interop-annotations/1-question.md
cs/foundations/languages/kotlin/syntax/39-java-interop-annotations/2-summary.md	languages/kotlin/syntax/39-java-interop-annotations/2-summary.md
cs/foundations/languages/kotlin/syntax/39-java-interop-annotations/3-answer.md	languages/kotlin/syntax/39-java-interop-annotations/3-answer.md
cs/foundations/languages/kotlin/syntax/40-read-only-collections-and-runtime-types/1-question.md	languages/kotlin/syntax/40-read-only-collections-and-runtime-types/1-question.md
cs/foundations/languages/kotlin/syntax/40-read-only-collections-and-runtime-types/2-summary.md	languages/kotlin/syntax/40-read-only-collections-and-runtime-types/2-summary.md
cs/foundations/languages/kotlin/syntax/40-read-only-collections-and-runtime-types/3-answer.md	languages/kotlin/syntax/40-read-only-collections-and-runtime-types/3-answer.md
cs/foundations/languages/kotlin/syntax/41-collection-creation-and-copying/1-question.md	languages/kotlin/syntax/41-collection-creation-and-copying/1-question.md
cs/foundations/languages/kotlin/syntax/41-collection-creation-and-copying/2-summary.md	languages/kotlin/syntax/41-collection-creation-and-copying/2-summary.md
cs/foundations/languages/kotlin/syntax/41-collection-creation-and-copying/3-answer.md	languages/kotlin/syntax/41-collection-creation-and-copying/3-answer.md
cs/foundations/languages/kotlin/syntax/42-transformations-map-flatmap-associate-zip/1-question.md	languages/kotlin/syntax/42-transformations-map-flatmap-associate-zip/1-question.md
cs/foundations/languages/kotlin/syntax/42-transformations-map-flatmap-associate-zip/2-summary.md	languages/kotlin/syntax/42-transformations-map-flatmap-associate-zip/2-summary.md
cs/foundations/languages/kotlin/syntax/42-transformations-map-flatmap-associate-zip/3-answer.md	languages/kotlin/syntax/42-transformations-map-flatmap-associate-zip/3-answer.md
cs/foundations/languages/kotlin/syntax/43-filter-search-and-empty-collections/1-question.md	languages/kotlin/syntax/43-filter-search-and-empty-collections/1-question.md
cs/foundations/languages/kotlin/syntax/43-filter-search-and-empty-collections/2-summary.md	languages/kotlin/syntax/43-filter-search-and-empty-collections/2-summary.md
cs/foundations/languages/kotlin/syntax/43-filter-search-and-empty-collections/3-answer.md	languages/kotlin/syntax/43-filter-search-and-empty-collections/3-answer.md
cs/foundations/languages/kotlin/syntax/44-aggregation-grouping-fold-reduce/1-question.md	languages/kotlin/syntax/44-aggregation-grouping-fold-reduce/1-question.md
cs/foundations/languages/kotlin/syntax/44-aggregation-grouping-fold-reduce/2-summary.md	languages/kotlin/syntax/44-aggregation-grouping-fold-reduce/2-summary.md
cs/foundations/languages/kotlin/syntax/44-aggregation-grouping-fold-reduce/3-answer.md	languages/kotlin/syntax/44-aggregation-grouping-fold-reduce/3-answer.md
cs/foundations/languages/kotlin/syntax/45-sorting-and-partial-operations/1-question.md	languages/kotlin/syntax/45-sorting-and-partial-operations/1-question.md
cs/foundations/languages/kotlin/syntax/45-sorting-and-partial-operations/2-summary.md	languages/kotlin/syntax/45-sorting-and-partial-operations/2-summary.md
cs/foundations/languages/kotlin/syntax/45-sorting-and-partial-operations/3-answer.md	languages/kotlin/syntax/45-sorting-and-partial-operations/3-answer.md
cs/foundations/languages/kotlin/syntax/46-map-operations-null-values-and-missing-keys/1-question.md	languages/kotlin/syntax/46-map-operations-null-values-and-missing-keys/1-question.md
cs/foundations/languages/kotlin/syntax/46-map-operations-null-values-and-missing-keys/2-summary.md	languages/kotlin/syntax/46-map-operations-null-values-and-missing-keys/2-summary.md
cs/foundations/languages/kotlin/syntax/46-map-operations-null-values-and-missing-keys/3-answer.md	languages/kotlin/syntax/46-map-operations-null-values-and-missing-keys/3-answer.md
cs/foundations/languages/kotlin/syntax/47-sequences-lazy-evaluation/1-question.md	languages/kotlin/syntax/47-sequences-lazy-evaluation/1-question.md
cs/foundations/languages/kotlin/syntax/47-sequences-lazy-evaluation/2-summary.md	languages/kotlin/syntax/47-sequences-lazy-evaluation/2-summary.md
cs/foundations/languages/kotlin/syntax/47-sequences-lazy-evaluation/3-answer.md	languages/kotlin/syntax/47-sequences-lazy-evaluation/3-answer.md
cs/foundations/languages/kotlin/syntax/48-string-api-split-trim-pad-regex/1-question.md	languages/kotlin/syntax/48-string-api-split-trim-pad-regex/1-question.md
cs/foundations/languages/kotlin/syntax/48-string-api-split-trim-pad-regex/2-summary.md	languages/kotlin/syntax/48-string-api-split-trim-pad-regex/2-summary.md
cs/foundations/languages/kotlin/syntax/48-string-api-split-trim-pad-regex/3-answer.md	languages/kotlin/syntax/48-string-api-split-trim-pad-regex/3-answer.md
cs/foundations/languages/kotlin/syntax/49-result-and-runcatching/1-question.md	languages/kotlin/syntax/49-result-and-runcatching/1-question.md
cs/foundations/languages/kotlin/syntax/49-result-and-runcatching/2-summary.md	languages/kotlin/syntax/49-result-and-runcatching/2-summary.md
cs/foundations/languages/kotlin/syntax/49-result-and-runcatching/3-answer.md	languages/kotlin/syntax/49-result-and-runcatching/3-answer.md
cs/foundations/languages/kotlin/syntax/50-kotlin-time-duration-and-measuring-time/1-question.md	languages/kotlin/syntax/50-kotlin-time-duration-and-measuring-time/1-question.md
cs/foundations/languages/kotlin/syntax/50-kotlin-time-duration-and-measuring-time/2-summary.md	languages/kotlin/syntax/50-kotlin-time-duration-and-measuring-time/2-summary.md
cs/foundations/languages/kotlin/syntax/50-kotlin-time-duration-and-measuring-time/3-answer.md	languages/kotlin/syntax/50-kotlin-time-duration-and-measuring-time/3-answer.md
cs/foundations/languages/kotlin/syntax/51-preconditions-require-check-error-todo/1-question.md	languages/kotlin/syntax/51-preconditions-require-check-error-todo/1-question.md
cs/foundations/languages/kotlin/syntax/51-preconditions-require-check-error-todo/2-summary.md	languages/kotlin/syntax/51-preconditions-require-check-error-todo/2-summary.md
cs/foundations/languages/kotlin/syntax/51-preconditions-require-check-error-todo/3-answer.md	languages/kotlin/syntax/51-preconditions-require-check-error-todo/3-answer.md
cs/foundations/languages/kotlin/syntax/52-coroutine-basics-suspend-scope-launch-async/1-question.md	languages/kotlin/syntax/52-coroutine-basics-suspend-scope-launch-async/1-question.md
cs/foundations/languages/kotlin/syntax/52-coroutine-basics-suspend-scope-launch-async/2-summary.md	languages/kotlin/syntax/52-coroutine-basics-suspend-scope-launch-async/2-summary.md
cs/foundations/languages/kotlin/syntax/52-coroutine-basics-suspend-scope-launch-async/3-answer.md	languages/kotlin/syntax/52-coroutine-basics-suspend-scope-launch-async/3-answer.md
cs/foundations/languages/kotlin/syntax/53-structured-concurrency-job-cancellation-exceptions/1-question.md	languages/kotlin/syntax/53-structured-concurrency-job-cancellation-exceptions/1-question.md
cs/foundations/languages/kotlin/syntax/53-structured-concurrency-job-cancellation-exceptions/2-summary.md	languages/kotlin/syntax/53-structured-concurrency-job-cancellation-exceptions/2-summary.md
cs/foundations/languages/kotlin/syntax/53-structured-concurrency-job-cancellation-exceptions/3-answer.md	languages/kotlin/syntax/53-structured-concurrency-job-cancellation-exceptions/3-answer.md
cs/foundations/languages/kotlin/syntax/54-coroutine-context-dispatchers-and-withcontext/1-question.md	languages/kotlin/syntax/54-coroutine-context-dispatchers-and-withcontext/1-question.md
cs/foundations/languages/kotlin/syntax/54-coroutine-context-dispatchers-and-withcontext/2-summary.md	languages/kotlin/syntax/54-coroutine-context-dispatchers-and-withcontext/2-summary.md
cs/foundations/languages/kotlin/syntax/54-coroutine-context-dispatchers-and-withcontext/3-answer.md	languages/kotlin/syntax/54-coroutine-context-dispatchers-and-withcontext/3-answer.md
cs/foundations/languages/kotlin/syntax/55-flow-cold-streams-operators-and-collect/1-question.md	languages/kotlin/syntax/55-flow-cold-streams-operators-and-collect/1-question.md
cs/foundations/languages/kotlin/syntax/55-flow-cold-streams-operators-and-collect/2-summary.md	languages/kotlin/syntax/55-flow-cold-streams-operators-and-collect/2-summary.md
cs/foundations/languages/kotlin/syntax/55-flow-cold-streams-operators-and-collect/3-answer.md	languages/kotlin/syntax/55-flow-cold-streams-operators-and-collect/3-answer.md
cs/foundations/languages/kotlin/syntax/56-channel-mutex-and-shared-mutable-state/1-question.md	languages/kotlin/syntax/56-channel-mutex-and-shared-mutable-state/1-question.md
cs/foundations/languages/kotlin/syntax/56-channel-mutex-and-shared-mutable-state/2-summary.md	languages/kotlin/syntax/56-channel-mutex-and-shared-mutable-state/2-summary.md
cs/foundations/languages/kotlin/syntax/56-channel-mutex-and-shared-mutable-state/3-answer.md	languages/kotlin/syntax/56-channel-mutex-and-shared-mutable-state/3-answer.md
cs/foundations/languages/kotlin/syntax/57-kotlin-idioms-for-java-code-if-when-expressions-and-elvis-return/1-question.md	languages/kotlin/syntax/57-kotlin-idioms-for-java-code-if-when-expressions-and-elvis-return/1-question.md
cs/foundations/languages/kotlin/syntax/57-kotlin-idioms-for-java-code-if-when-expressions-and-elvis-return/2-summary.md	languages/kotlin/syntax/57-kotlin-idioms-for-java-code-if-when-expressions-and-elvis-return/2-summary.md
cs/foundations/languages/kotlin/syntax/57-kotlin-idioms-for-java-code-if-when-expressions-and-elvis-return/3-answer.md	languages/kotlin/syntax/57-kotlin-idioms-for-java-code-if-when-expressions-and-elvis-return/3-answer.md
cs/foundations/languages/kotlin/syntax/58-null-handling-idioms-let-requirenotnull-and-elvis-return/1-question.md	languages/kotlin/syntax/58-null-handling-idioms-let-requirenotnull-and-elvis-return/1-question.md
cs/foundations/languages/kotlin/syntax/58-null-handling-idioms-let-requirenotnull-and-elvis-return/2-summary.md	languages/kotlin/syntax/58-null-handling-idioms-let-requirenotnull-and-elvis-return/2-summary.md
cs/foundations/languages/kotlin/syntax/58-null-handling-idioms-let-requirenotnull-and-elvis-return/3-answer.md	languages/kotlin/syntax/58-null-handling-idioms-let-requirenotnull-and-elvis-return/3-answer.md
cs/foundations/languages/kotlin/syntax/README.md	languages/kotlin/syntax/README.md
"cs/foundations/languages/kotlin/\354\226\270\354\226\264-\355\212\271\354\204\261/README.md"	"languages/kotlin/\354\226\270\354\226\264-\355\212\271\354\204\261/README.md"
cs/foundations/python-basics/README.md	languages/python/basics/README.md
cs/foundations/languages/python/syntax/01-object-and-name-binding/1-question.md	languages/python/syntax/01-object-and-name-binding/1-question.md
cs/foundations/languages/python/syntax/01-object-and-name-binding/2-summary.md	languages/python/syntax/01-object-and-name-binding/2-summary.md
cs/foundations/languages/python/syntax/01-object-and-name-binding/3-answer.md	languages/python/syntax/01-object-and-name-binding/3-answer.md
cs/foundations/languages/python/syntax/02-is-vs-eq-interning/1-question.md	languages/python/syntax/02-is-vs-eq-interning/1-question.md
cs/foundations/languages/python/syntax/02-is-vs-eq-interning/2-summary.md	languages/python/syntax/02-is-vs-eq-interning/2-summary.md
cs/foundations/languages/python/syntax/02-is-vs-eq-interning/3-answer.md	languages/python/syntax/02-is-vs-eq-interning/3-answer.md
cs/foundations/languages/python/syntax/03-mutability-and-copying/1-question.md	languages/python/syntax/03-mutability-and-copying/1-question.md
cs/foundations/languages/python/syntax/03-mutability-and-copying/2-summary.md	languages/python/syntax/03-mutability-and-copying/2-summary.md
cs/foundations/languages/python/syntax/03-mutability-and-copying/3-answer.md	languages/python/syntax/03-mutability-and-copying/3-answer.md
cs/foundations/languages/python/syntax/04-numeric-types-and-division/1-question.md	languages/python/syntax/04-numeric-types-and-division/1-question.md
cs/foundations/languages/python/syntax/04-numeric-types-and-division/2-summary.md	languages/python/syntax/04-numeric-types-and-division/2-summary.md
cs/foundations/languages/python/syntax/04-numeric-types-and-division/3-answer.md	languages/python/syntax/04-numeric-types-and-division/3-answer.md
cs/foundations/languages/python/syntax/05-truthiness-and-short-circuit/1-question.md	languages/python/syntax/05-truthiness-and-short-circuit/1-question.md
cs/foundations/languages/python/syntax/05-truthiness-and-short-circuit/2-summary.md	languages/python/syntax/05-truthiness-and-short-circuit/2-summary.md
cs/foundations/languages/python/syntax/05-truthiness-and-short-circuit/3-answer.md	languages/python/syntax/05-truthiness-and-short-circuit/3-answer.md
cs/foundations/languages/python/syntax/06-strings-bytes-unicode/1-question.md	languages/python/syntax/06-strings-bytes-unicode/1-question.md
cs/foundations/languages/python/syntax/06-strings-bytes-unicode/2-summary.md	languages/python/syntax/06-strings-bytes-unicode/2-summary.md
cs/foundations/languages/python/syntax/06-strings-bytes-unicode/3-answer.md	languages/python/syntax/06-strings-bytes-unicode/3-answer.md
cs/foundations/languages/python/syntax/07-string-methods/1-question.md	languages/python/syntax/07-string-methods/1-question.md
cs/foundations/languages/python/syntax/07-string-methods/2-summary.md	languages/python/syntax/07-string-methods/2-summary.md
cs/foundations/languages/python/syntax/07-string-methods/3-answer.md	languages/python/syntax/07-string-methods/3-answer.md
cs/foundations/languages/python/syntax/08-fstrings-and-format-spec/1-question.md	languages/python/syntax/08-fstrings-and-format-spec/1-question.md
cs/foundations/languages/python/syntax/08-fstrings-and-format-spec/2-summary.md	languages/python/syntax/08-fstrings-and-format-spec/2-summary.md
cs/foundations/languages/python/syntax/08-fstrings-and-format-spec/3-answer.md	languages/python/syntax/08-fstrings-and-format-spec/3-answer.md
cs/foundations/languages/python/syntax/09-sequence-ops-and-slicing/1-question.md	languages/python/syntax/09-sequence-ops-and-slicing/1-question.md
cs/foundations/languages/python/syntax/09-sequence-ops-and-slicing/2-summary.md	languages/python/syntax/09-sequence-ops-and-slicing/2-summary.md
cs/foundations/languages/python/syntax/09-sequence-ops-and-slicing/3-answer.md	languages/python/syntax/09-sequence-ops-and-slicing/3-answer.md
cs/foundations/languages/python/syntax/10-list-methods-and-sort-key/1-question.md	languages/python/syntax/10-list-methods-and-sort-key/1-question.md
cs/foundations/languages/python/syntax/10-list-methods-and-sort-key/2-summary.md	languages/python/syntax/10-list-methods-and-sort-key/2-summary.md
cs/foundations/languages/python/syntax/10-list-methods-and-sort-key/3-answer.md	languages/python/syntax/10-list-methods-and-sort-key/3-answer.md
cs/foundations/languages/python/syntax/11-tuple-and-unpacking/1-question.md	languages/python/syntax/11-tuple-and-unpacking/1-question.md
cs/foundations/languages/python/syntax/11-tuple-and-unpacking/2-summary.md	languages/python/syntax/11-tuple-and-unpacking/2-summary.md
cs/foundations/languages/python/syntax/11-tuple-and-unpacking/3-answer.md	languages/python/syntax/11-tuple-and-unpacking/3-answer.md
cs/foundations/languages/python/syntax/12-dict-and-key-requirements/1-question.md	languages/python/syntax/12-dict-and-key-requirements/1-question.md
cs/foundations/languages/python/syntax/12-dict-and-key-requirements/2-summary.md	languages/python/syntax/12-dict-and-key-requirements/2-summary.md
cs/foundations/languages/python/syntax/12-dict-and-key-requirements/3-answer.md	languages/python/syntax/12-dict-and-key-requirements/3-answer.md
cs/foundations/languages/python/syntax/13-set-and-frozenset/1-question.md	languages/python/syntax/13-set-and-frozenset/1-question.md
cs/foundations/languages/python/syntax/13-set-and-frozenset/2-summary.md	languages/python/syntax/13-set-and-frozenset/2-summary.md
cs/foundations/languages/python/syntax/13-set-and-frozenset/3-answer.md	languages/python/syntax/13-set-and-frozenset/3-answer.md
cs/foundations/languages/python/syntax/14-comprehensions/1-question.md	languages/python/syntax/14-comprehensions/1-question.md
cs/foundations/languages/python/syntax/14-comprehensions/2-summary.md	languages/python/syntax/14-comprehensions/2-summary.md
cs/foundations/languages/python/syntax/14-comprehensions/3-answer.md	languages/python/syntax/14-comprehensions/3-answer.md
cs/foundations/languages/python/syntax/15-generator-expressions-lazy-eval/1-question.md	languages/python/syntax/15-generator-expressions-lazy-eval/1-question.md
cs/foundations/languages/python/syntax/15-generator-expressions-lazy-eval/2-summary.md	languages/python/syntax/15-generator-expressions-lazy-eval/2-summary.md
cs/foundations/languages/python/syntax/15-generator-expressions-lazy-eval/3-answer.md	languages/python/syntax/15-generator-expressions-lazy-eval/3-answer.md
cs/foundations/languages/python/syntax/16-iterator-protocol/1-question.md	languages/python/syntax/16-iterator-protocol/1-question.md
cs/foundations/languages/python/syntax/16-iterator-protocol/2-summary.md	languages/python/syntax/16-iterator-protocol/2-summary.md
cs/foundations/languages/python/syntax/16-iterator-protocol/3-answer.md	languages/python/syntax/16-iterator-protocol/3-answer.md
cs/foundations/languages/python/syntax/17-generators-yield/1-question.md	languages/python/syntax/17-generators-yield/1-question.md
cs/foundations/languages/python/syntax/17-generators-yield/2-summary.md	languages/python/syntax/17-generators-yield/2-summary.md
cs/foundations/languages/python/syntax/17-generators-yield/3-answer.md	languages/python/syntax/17-generators-yield/3-answer.md
cs/foundations/languages/python/syntax/18-loop-control-and-else/1-question.md	languages/python/syntax/18-loop-control-and-else/1-question.md
cs/foundations/languages/python/syntax/18-loop-control-and-else/2-summary.md	languages/python/syntax/18-loop-control-and-else/2-summary.md
cs/foundations/languages/python/syntax/18-loop-control-and-else/3-answer.md	languages/python/syntax/18-loop-control-and-else/3-answer.md
cs/foundations/languages/python/syntax/19-function-argument-rules/1-question.md	languages/python/syntax/19-function-argument-rules/1-question.md
cs/foundations/languages/python/syntax/19-function-argument-rules/2-summary.md	languages/python/syntax/19-function-argument-rules/2-summary.md
cs/foundations/languages/python/syntax/19-function-argument-rules/3-answer.md	languages/python/syntax/19-function-argument-rules/3-answer.md
cs/foundations/languages/python/syntax/20-mutable-default-args/1-question.md	languages/python/syntax/20-mutable-default-args/1-question.md
cs/foundations/languages/python/syntax/20-mutable-default-args/2-summary.md	languages/python/syntax/20-mutable-default-args/2-summary.md
cs/foundations/languages/python/syntax/20-mutable-default-args/3-answer.md	languages/python/syntax/20-mutable-default-args/3-answer.md
cs/foundations/languages/python/syntax/21-scope-legb-global-nonlocal/1-question.md	languages/python/syntax/21-scope-legb-global-nonlocal/1-question.md
cs/foundations/languages/python/syntax/21-scope-legb-global-nonlocal/2-summary.md	languages/python/syntax/21-scope-legb-global-nonlocal/2-summary.md
cs/foundations/languages/python/syntax/21-scope-legb-global-nonlocal/3-answer.md	languages/python/syntax/21-scope-legb-global-nonlocal/3-answer.md
cs/foundations/languages/python/syntax/22-closures-and-late-binding/1-question.md	languages/python/syntax/22-closures-and-late-binding/1-question.md
cs/foundations/languages/python/syntax/22-closures-and-late-binding/2-summary.md	languages/python/syntax/22-closures-and-late-binding/2-summary.md
cs/foundations/languages/python/syntax/22-closures-and-late-binding/3-answer.md	languages/python/syntax/22-closures-and-late-binding/3-answer.md
cs/foundations/languages/python/syntax/23-lambda-and-higher-order-functions/1-question.md	languages/python/syntax/23-lambda-and-higher-order-functions/1-question.md
cs/foundations/languages/python/syntax/23-lambda-and-higher-order-functions/2-summary.md	languages/python/syntax/23-lambda-and-higher-order-functions/2-summary.md
cs/foundations/languages/python/syntax/23-lambda-and-higher-order-functions/3-answer.md	languages/python/syntax/23-lambda-and-higher-order-functions/3-answer.md
cs/foundations/languages/python/syntax/24-decorators/1-question.md	languages/python/syntax/24-decorators/1-question.md
cs/foundations/languages/python/syntax/24-decorators/2-summary.md	languages/python/syntax/24-decorators/2-summary.md
cs/foundations/languages/python/syntax/24-decorators/3-answer.md	languages/python/syntax/24-decorators/3-answer.md
cs/foundations/languages/python/syntax/25-exceptions-and-finally/1-question.md	languages/python/syntax/25-exceptions-and-finally/1-question.md
cs/foundations/languages/python/syntax/25-exceptions-and-finally/2-summary.md	languages/python/syntax/25-exceptions-and-finally/2-summary.md
cs/foundations/languages/python/syntax/25-exceptions-and-finally/3-answer.md	languages/python/syntax/25-exceptions-and-finally/3-answer.md
cs/foundations/languages/python/syntax/26-eafp-vs-lbyl/1-question.md	languages/python/syntax/26-eafp-vs-lbyl/1-question.md
cs/foundations/languages/python/syntax/26-eafp-vs-lbyl/2-summary.md	languages/python/syntax/26-eafp-vs-lbyl/2-summary.md
cs/foundations/languages/python/syntax/26-eafp-vs-lbyl/3-answer.md	languages/python/syntax/26-eafp-vs-lbyl/3-answer.md
cs/foundations/languages/python/syntax/27-exception-groups-and-except-star/1-question.md	languages/python/syntax/27-exception-groups-and-except-star/1-question.md
cs/foundations/languages/python/syntax/27-exception-groups-and-except-star/2-summary.md	languages/python/syntax/27-exception-groups-and-except-star/2-summary.md
cs/foundations/languages/python/syntax/27-exception-groups-and-except-star/3-answer.md	languages/python/syntax/27-exception-groups-and-except-star/3-answer.md
cs/foundations/languages/python/syntax/28-context-managers-and-with/1-question.md	languages/python/syntax/28-context-managers-and-with/1-question.md
cs/foundations/languages/python/syntax/28-context-managers-and-with/2-summary.md	languages/python/syntax/28-context-managers-and-with/2-summary.md
cs/foundations/languages/python/syntax/28-context-managers-and-with/3-answer.md	languages/python/syntax/28-context-managers-and-with/3-answer.md
cs/foundations/languages/python/syntax/29-classes-and-attribute-lookup/1-question.md	languages/python/syntax/29-classes-and-attribute-lookup/1-question.md
cs/foundations/languages/python/syntax/29-classes-and-attribute-lookup/2-summary.md	languages/python/syntax/29-classes-and-attribute-lookup/2-summary.md
cs/foundations/languages/python/syntax/29-classes-and-attribute-lookup/3-answer.md	languages/python/syntax/29-classes-and-attribute-lookup/3-answer.md
cs/foundations/languages/python/syntax/30-repr-eq-hash-contracts/1-question.md	languages/python/syntax/30-repr-eq-hash-contracts/1-question.md
cs/foundations/languages/python/syntax/30-repr-eq-hash-contracts/2-summary.md	languages/python/syntax/30-repr-eq-hash-contracts/2-summary.md
cs/foundations/languages/python/syntax/30-repr-eq-hash-contracts/3-answer.md	languages/python/syntax/30-repr-eq-hash-contracts/3-answer.md
cs/foundations/languages/python/syntax/31-comparison-protocol-and-sortability/1-question.md	languages/python/syntax/31-comparison-protocol-and-sortability/1-question.md
cs/foundations/languages/python/syntax/31-comparison-protocol-and-sortability/2-summary.md	languages/python/syntax/31-comparison-protocol-and-sortability/2-summary.md
cs/foundations/languages/python/syntax/31-comparison-protocol-and-sortability/3-answer.md	languages/python/syntax/31-comparison-protocol-and-sortability/3-answer.md
cs/foundations/languages/python/syntax/32-container-protocol/1-question.md	languages/python/syntax/32-container-protocol/1-question.md
cs/foundations/languages/python/syntax/32-container-protocol/2-summary.md	languages/python/syntax/32-container-protocol/2-summary.md
cs/foundations/languages/python/syntax/32-container-protocol/3-answer.md	languages/python/syntax/32-container-protocol/3-answer.md
cs/foundations/languages/python/syntax/33-property-descriptor-slots/1-question.md	languages/python/syntax/33-property-descriptor-slots/1-question.md
cs/foundations/languages/python/syntax/33-property-descriptor-slots/2-summary.md	languages/python/syntax/33-property-descriptor-slots/2-summary.md
cs/foundations/languages/python/syntax/33-property-descriptor-slots/3-answer.md	languages/python/syntax/33-property-descriptor-slots/3-answer.md
cs/foundations/languages/python/syntax/34-inheritance-mro-super/1-question.md	languages/python/syntax/34-inheritance-mro-super/1-question.md
cs/foundations/languages/python/syntax/34-inheritance-mro-super/2-summary.md	languages/python/syntax/34-inheritance-mro-super/2-summary.md
cs/foundations/languages/python/syntax/34-inheritance-mro-super/3-answer.md	languages/python/syntax/34-inheritance-mro-super/3-answer.md
cs/foundations/languages/python/syntax/35-abc-and-protocol/1-question.md	languages/python/syntax/35-abc-and-protocol/1-question.md
cs/foundations/languages/python/syntax/35-abc-and-protocol/2-summary.md	languages/python/syntax/35-abc-and-protocol/2-summary.md
cs/foundations/languages/python/syntax/35-abc-and-protocol/3-answer.md	languages/python/syntax/35-abc-and-protocol/3-answer.md
cs/foundations/languages/python/syntax/36-dataclasses/1-question.md	languages/python/syntax/36-dataclasses/1-question.md
cs/foundations/languages/python/syntax/36-dataclasses/2-summary.md	languages/python/syntax/36-dataclasses/2-summary.md
cs/foundations/languages/python/syntax/36-dataclasses/3-answer.md	languages/python/syntax/36-dataclasses/3-answer.md
cs/foundations/languages/python/syntax/37-enum/1-question.md	languages/python/syntax/37-enum/1-question.md
cs/foundations/languages/python/syntax/37-enum/2-summary.md	languages/python/syntax/37-enum/2-summary.md
cs/foundations/languages/python/syntax/37-enum/3-answer.md	languages/python/syntax/37-enum/3-answer.md
cs/foundations/languages/python/syntax/38-namedtuple-and-typeddict/1-question.md	languages/python/syntax/38-namedtuple-and-typeddict/1-question.md
cs/foundations/languages/python/syntax/38-namedtuple-and-typeddict/2-summary.md	languages/python/syntax/38-namedtuple-and-typeddict/2-summary.md
cs/foundations/languages/python/syntax/38-namedtuple-and-typeddict/3-answer.md	languages/python/syntax/38-namedtuple-and-typeddict/3-answer.md
cs/foundations/languages/python/syntax/39-match-statement/1-question.md	languages/python/syntax/39-match-statement/1-question.md
cs/foundations/languages/python/syntax/39-match-statement/2-summary.md	languages/python/syntax/39-match-statement/2-summary.md
cs/foundations/languages/python/syntax/39-match-statement/3-answer.md	languages/python/syntax/39-match-statement/3-answer.md
cs/foundations/languages/python/syntax/40-type-hints-at-runtime/1-question.md	languages/python/syntax/40-type-hints-at-runtime/1-question.md
cs/foundations/languages/python/syntax/40-type-hints-at-runtime/2-summary.md	languages/python/syntax/40-type-hints-at-runtime/2-summary.md
cs/foundations/languages/python/syntax/40-type-hints-at-runtime/3-answer.md	languages/python/syntax/40-type-hints-at-runtime/3-answer.md
cs/foundations/languages/python/syntax/41-typing-and-generic-syntax/1-question.md	languages/python/syntax/41-typing-and-generic-syntax/1-question.md
cs/foundations/languages/python/syntax/41-typing-and-generic-syntax/2-summary.md	languages/python/syntax/41-typing-and-generic-syntax/2-summary.md
cs/foundations/languages/python/syntax/41-typing-and-generic-syntax/3-answer.md	languages/python/syntax/41-typing-and-generic-syntax/3-answer.md
cs/foundations/languages/python/syntax/42-modules-packages-and-import/1-question.md	languages/python/syntax/42-modules-packages-and-import/1-question.md
cs/foundations/languages/python/syntax/42-modules-packages-and-import/2-summary.md	languages/python/syntax/42-modules-packages-and-import/2-summary.md
cs/foundations/languages/python/syntax/42-modules-packages-and-import/3-answer.md	languages/python/syntax/42-modules-packages-and-import/3-answer.md
cs/foundations/languages/python/syntax/43-collections/1-question.md	languages/python/syntax/43-collections/1-question.md
cs/foundations/languages/python/syntax/43-collections/2-summary.md	languages/python/syntax/43-collections/2-summary.md
cs/foundations/languages/python/syntax/43-collections/3-answer.md	languages/python/syntax/43-collections/3-answer.md
cs/foundations/languages/python/syntax/44-itertools/1-question.md	languages/python/syntax/44-itertools/1-question.md
cs/foundations/languages/python/syntax/44-itertools/2-summary.md	languages/python/syntax/44-itertools/2-summary.md
cs/foundations/languages/python/syntax/44-itertools/3-answer.md	languages/python/syntax/44-itertools/3-answer.md
cs/foundations/languages/python/syntax/45-functools/1-question.md	languages/python/syntax/45-functools/1-question.md
cs/foundations/languages/python/syntax/45-functools/2-summary.md	languages/python/syntax/45-functools/2-summary.md
cs/foundations/languages/python/syntax/45-functools/3-answer.md	languages/python/syntax/45-functools/3-answer.md
cs/foundations/languages/python/syntax/46-re/1-question.md	languages/python/syntax/46-re/1-question.md
cs/foundations/languages/python/syntax/46-re/2-summary.md	languages/python/syntax/46-re/2-summary.md
cs/foundations/languages/python/syntax/46-re/3-answer.md	languages/python/syntax/46-re/3-answer.md
cs/foundations/languages/python/syntax/47-json/1-question.md	languages/python/syntax/47-json/1-question.md
cs/foundations/languages/python/syntax/47-json/2-summary.md	languages/python/syntax/47-json/2-summary.md
cs/foundations/languages/python/syntax/47-json/3-answer.md	languages/python/syntax/47-json/3-answer.md
cs/foundations/languages/python/syntax/48-pathlib-and-file-io/1-question.md	languages/python/syntax/48-pathlib-and-file-io/1-question.md
cs/foundations/languages/python/syntax/48-pathlib-and-file-io/2-summary.md	languages/python/syntax/48-pathlib-and-file-io/2-summary.md
cs/foundations/languages/python/syntax/48-pathlib-and-file-io/3-answer.md	languages/python/syntax/48-pathlib-and-file-io/3-answer.md
cs/foundations/languages/python/syntax/49-datetime-and-zoneinfo/1-question.md	languages/python/syntax/49-datetime-and-zoneinfo/1-question.md
cs/foundations/languages/python/syntax/49-datetime-and-zoneinfo/2-summary.md	languages/python/syntax/49-datetime-and-zoneinfo/2-summary.md
cs/foundations/languages/python/syntax/49-datetime-and-zoneinfo/3-answer.md	languages/python/syntax/49-datetime-and-zoneinfo/3-answer.md
cs/foundations/languages/python/syntax/50-decimal-float-precision-and-round/1-question.md	languages/python/syntax/50-decimal-float-precision-and-round/1-question.md
cs/foundations/languages/python/syntax/50-decimal-float-precision-and-round/2-summary.md	languages/python/syntax/50-decimal-float-precision-and-round/2-summary.md
cs/foundations/languages/python/syntax/50-decimal-float-precision-and-round/3-answer.md	languages/python/syntax/50-decimal-float-precision-and-round/3-answer.md
cs/foundations/languages/python/syntax/51-asyncio-coroutine-basics/1-question.md	languages/python/syntax/51-asyncio-coroutine-basics/1-question.md
cs/foundations/languages/python/syntax/51-asyncio-coroutine-basics/2-summary.md	languages/python/syntax/51-asyncio-coroutine-basics/2-summary.md
cs/foundations/languages/python/syntax/51-asyncio-coroutine-basics/3-answer.md	languages/python/syntax/51-asyncio-coroutine-basics/3-answer.md
cs/foundations/languages/python/syntax/52-asyncio-concurrency-structure/1-question.md	languages/python/syntax/52-asyncio-concurrency-structure/1-question.md
cs/foundations/languages/python/syntax/52-asyncio-concurrency-structure/2-summary.md	languages/python/syntax/52-asyncio-concurrency-structure/2-summary.md
cs/foundations/languages/python/syntax/52-asyncio-concurrency-structure/3-answer.md	languages/python/syntax/52-asyncio-concurrency-structure/3-answer.md
cs/foundations/languages/python/syntax/53-gil-and-choosing-concurrency/1-question.md	languages/python/syntax/53-gil-and-choosing-concurrency/1-question.md
cs/foundations/languages/python/syntax/53-gil-and-choosing-concurrency/2-summary.md	languages/python/syntax/53-gil-and-choosing-concurrency/2-summary.md
cs/foundations/languages/python/syntax/53-gil-and-choosing-concurrency/3-answer.md	languages/python/syntax/53-gil-and-choosing-concurrency/3-answer.md
cs/foundations/languages/python/syntax/README.md	languages/python/syntax/README.md
cs/foundations/languages/rust/syntax/01-cargo-crates-and-modules/1-question.md	languages/rust/syntax/01-cargo-crates-and-modules/1-question.md
cs/foundations/languages/rust/syntax/01-cargo-crates-and-modules/2-summary.md	languages/rust/syntax/01-cargo-crates-and-modules/2-summary.md
cs/foundations/languages/rust/syntax/01-cargo-crates-and-modules/3-answer.md	languages/rust/syntax/01-cargo-crates-and-modules/3-answer.md
cs/foundations/languages/rust/syntax/02-bindings-mut-and-shadowing/1-question.md	languages/rust/syntax/02-bindings-mut-and-shadowing/1-question.md
cs/foundations/languages/rust/syntax/02-bindings-mut-and-shadowing/2-summary.md	languages/rust/syntax/02-bindings-mut-and-shadowing/2-summary.md
cs/foundations/languages/rust/syntax/02-bindings-mut-and-shadowing/3-answer.md	languages/rust/syntax/02-bindings-mut-and-shadowing/3-answer.md
cs/foundations/languages/rust/syntax/03-primitive-types-and-integer-overflow/1-question.md	languages/rust/syntax/03-primitive-types-and-integer-overflow/1-question.md
cs/foundations/languages/rust/syntax/03-primitive-types-and-integer-overflow/2-summary.md	languages/rust/syntax/03-primitive-types-and-integer-overflow/2-summary.md
cs/foundations/languages/rust/syntax/03-primitive-types-and-integer-overflow/3-answer.md	languages/rust/syntax/03-primitive-types-and-integer-overflow/3-answer.md
cs/foundations/languages/rust/syntax/04-expressions-and-semicolons/1-question.md	languages/rust/syntax/04-expressions-and-semicolons/1-question.md
cs/foundations/languages/rust/syntax/04-expressions-and-semicolons/2-summary.md	languages/rust/syntax/04-expressions-and-semicolons/2-summary.md
cs/foundations/languages/rust/syntax/04-expressions-and-semicolons/3-answer.md	languages/rust/syntax/04-expressions-and-semicolons/3-answer.md
cs/foundations/languages/rust/syntax/05-control-flow-loops-and-labels/1-question.md	languages/rust/syntax/05-control-flow-loops-and-labels/1-question.md
cs/foundations/languages/rust/syntax/05-control-flow-loops-and-labels/2-summary.md	languages/rust/syntax/05-control-flow-loops-and-labels/2-summary.md
cs/foundations/languages/rust/syntax/05-control-flow-loops-and-labels/3-answer.md	languages/rust/syntax/05-control-flow-loops-and-labels/3-answer.md
cs/foundations/languages/rust/syntax/06-functions-and-never-type/1-question.md	languages/rust/syntax/06-functions-and-never-type/1-question.md
cs/foundations/languages/rust/syntax/06-functions-and-never-type/2-summary.md	languages/rust/syntax/06-functions-and-never-type/2-summary.md
cs/foundations/languages/rust/syntax/06-functions-and-never-type/3-answer.md	languages/rust/syntax/06-functions-and-never-type/3-answer.md
cs/foundations/languages/rust/syntax/07-const-static-and-const-fn/1-question.md	languages/rust/syntax/07-const-static-and-const-fn/1-question.md
cs/foundations/languages/rust/syntax/07-const-static-and-const-fn/2-summary.md	languages/rust/syntax/07-const-static-and-const-fn/2-summary.md
cs/foundations/languages/rust/syntax/07-const-static-and-const-fn/3-answer.md	languages/rust/syntax/07-const-static-and-const-fn/3-answer.md
cs/foundations/languages/rust/syntax/08-ownership-and-move/1-question.md	languages/rust/syntax/08-ownership-and-move/1-question.md
cs/foundations/languages/rust/syntax/08-ownership-and-move/2-summary.md	languages/rust/syntax/08-ownership-and-move/2-summary.md
cs/foundations/languages/rust/syntax/08-ownership-and-move/3-answer.md	languages/rust/syntax/08-ownership-and-move/3-answer.md
cs/foundations/languages/rust/syntax/09-copy-clone-and-drop/1-question.md	languages/rust/syntax/09-copy-clone-and-drop/1-question.md
cs/foundations/languages/rust/syntax/09-copy-clone-and-drop/2-summary.md	languages/rust/syntax/09-copy-clone-and-drop/2-summary.md
cs/foundations/languages/rust/syntax/09-copy-clone-and-drop/3-answer.md	languages/rust/syntax/09-copy-clone-and-drop/3-answer.md
cs/foundations/languages/rust/syntax/10-borrowing-and-aliasing-rules/1-question.md	languages/rust/syntax/10-borrowing-and-aliasing-rules/1-question.md
cs/foundations/languages/rust/syntax/10-borrowing-and-aliasing-rules/2-summary.md	languages/rust/syntax/10-borrowing-and-aliasing-rules/2-summary.md
cs/foundations/languages/rust/syntax/10-borrowing-and-aliasing-rules/3-answer.md	languages/rust/syntax/10-borrowing-and-aliasing-rules/3-answer.md
cs/foundations/languages/rust/syntax/11-borrow-checker-rejections/1-question.md	languages/rust/syntax/11-borrow-checker-rejections/1-question.md
cs/foundations/languages/rust/syntax/11-borrow-checker-rejections/2-summary.md	languages/rust/syntax/11-borrow-checker-rejections/2-summary.md
cs/foundations/languages/rust/syntax/11-borrow-checker-rejections/3-answer.md	languages/rust/syntax/11-borrow-checker-rejections/3-answer.md
cs/foundations/languages/rust/syntax/12-lifetime-annotations-and-elision/1-question.md	languages/rust/syntax/12-lifetime-annotations-and-elision/1-question.md
cs/foundations/languages/rust/syntax/12-lifetime-annotations-and-elision/2-summary.md	languages/rust/syntax/12-lifetime-annotations-and-elision/2-summary.md
cs/foundations/languages/rust/syntax/12-lifetime-annotations-and-elision/3-answer.md	languages/rust/syntax/12-lifetime-annotations-and-elision/3-answer.md
cs/foundations/languages/rust/syntax/13-struct-references-and-static/1-question.md	languages/rust/syntax/13-struct-references-and-static/1-question.md
cs/foundations/languages/rust/syntax/13-struct-references-and-static/2-summary.md	languages/rust/syntax/13-struct-references-and-static/2-summary.md
cs/foundations/languages/rust/syntax/13-struct-references-and-static/3-answer.md	languages/rust/syntax/13-struct-references-and-static/3-answer.md
cs/foundations/languages/rust/syntax/14-string-vs-str/1-question.md	languages/rust/syntax/14-string-vs-str/1-question.md
cs/foundations/languages/rust/syntax/14-string-vs-str/2-summary.md	languages/rust/syntax/14-string-vs-str/2-summary.md
cs/foundations/languages/rust/syntax/14-string-vs-str/3-answer.md	languages/rust/syntax/14-string-vs-str/3-answer.md
cs/foundations/languages/rust/syntax/15-slices-ranges-and-utf8-boundaries/1-question.md	languages/rust/syntax/15-slices-ranges-and-utf8-boundaries/1-question.md
cs/foundations/languages/rust/syntax/15-slices-ranges-and-utf8-boundaries/2-summary.md	languages/rust/syntax/15-slices-ranges-and-utf8-boundaries/2-summary.md
cs/foundations/languages/rust/syntax/15-slices-ranges-and-utf8-boundaries/3-answer.md	languages/rust/syntax/15-slices-ranges-and-utf8-boundaries/3-answer.md
cs/foundations/languages/rust/syntax/16-structs-impl-and-associated-functions/1-question.md	languages/rust/syntax/16-structs-impl-and-associated-functions/1-question.md
cs/foundations/languages/rust/syntax/16-structs-impl-and-associated-functions/2-summary.md	languages/rust/syntax/16-structs-impl-and-associated-functions/2-summary.md
cs/foundations/languages/rust/syntax/16-structs-impl-and-associated-functions/3-answer.md	languages/rust/syntax/16-structs-impl-and-associated-functions/3-answer.md
cs/foundations/languages/rust/syntax/17-enums-and-data-carrying-variants/1-question.md	languages/rust/syntax/17-enums-and-data-carrying-variants/1-question.md
cs/foundations/languages/rust/syntax/17-enums-and-data-carrying-variants/2-summary.md	languages/rust/syntax/17-enums-and-data-carrying-variants/2-summary.md
cs/foundations/languages/rust/syntax/17-enums-and-data-carrying-variants/3-answer.md	languages/rust/syntax/17-enums-and-data-carrying-variants/3-answer.md
cs/foundations/languages/rust/syntax/18-match-and-exhaustiveness/1-question.md	languages/rust/syntax/18-match-and-exhaustiveness/1-question.md
cs/foundations/languages/rust/syntax/18-match-and-exhaustiveness/2-summary.md	languages/rust/syntax/18-match-and-exhaustiveness/2-summary.md
cs/foundations/languages/rust/syntax/18-match-and-exhaustiveness/3-answer.md	languages/rust/syntax/18-match-and-exhaustiveness/3-answer.md
cs/foundations/languages/rust/syntax/19-pattern-syntax-guards-bindings-and-match-ergonomics/1-question.md	languages/rust/syntax/19-pattern-syntax-guards-bindings-and-match-ergonomics/1-question.md
cs/foundations/languages/rust/syntax/19-pattern-syntax-guards-bindings-and-match-ergonomics/2-summary.md	languages/rust/syntax/19-pattern-syntax-guards-bindings-and-match-ergonomics/2-summary.md
cs/foundations/languages/rust/syntax/19-pattern-syntax-guards-bindings-and-match-ergonomics/3-answer.md	languages/rust/syntax/19-pattern-syntax-guards-bindings-and-match-ergonomics/3-answer.md
cs/foundations/languages/rust/syntax/20-if-let-while-let-let-else-and-let-chains/1-question.md	languages/rust/syntax/20-if-let-while-let-let-else-and-let-chains/1-question.md
cs/foundations/languages/rust/syntax/20-if-let-while-let-let-else-and-let-chains/2-summary.md	languages/rust/syntax/20-if-let-while-let-let-else-and-let-chains/2-summary.md
cs/foundations/languages/rust/syntax/20-if-let-while-let-let-else-and-let-chains/3-answer.md	languages/rust/syntax/20-if-let-while-let-let-else-and-let-chains/3-answer.md
cs/foundations/languages/rust/syntax/21-option-and-combinators/1-question.md	languages/rust/syntax/21-option-and-combinators/1-question.md
cs/foundations/languages/rust/syntax/21-option-and-combinators/2-summary.md	languages/rust/syntax/21-option-and-combinators/2-summary.md
cs/foundations/languages/rust/syntax/21-option-and-combinators/3-answer.md	languages/rust/syntax/21-option-and-combinators/3-answer.md
cs/foundations/languages/rust/syntax/22-result-question-mark-and-from/1-question.md	languages/rust/syntax/22-result-question-mark-and-from/1-question.md
cs/foundations/languages/rust/syntax/22-result-question-mark-and-from/2-summary.md	languages/rust/syntax/22-result-question-mark-and-from/2-summary.md
cs/foundations/languages/rust/syntax/22-result-question-mark-and-from/3-answer.md	languages/rust/syntax/22-result-question-mark-and-from/3-answer.md
cs/foundations/languages/rust/syntax/23-panic-vs-result/1-question.md	languages/rust/syntax/23-panic-vs-result/1-question.md
cs/foundations/languages/rust/syntax/23-panic-vs-result/2-summary.md	languages/rust/syntax/23-panic-vs-result/2-summary.md
cs/foundations/languages/rust/syntax/23-panic-vs-result/3-answer.md	languages/rust/syntax/23-panic-vs-result/3-answer.md
cs/foundations/languages/rust/syntax/24-error-type-design/1-question.md	languages/rust/syntax/24-error-type-design/1-question.md
cs/foundations/languages/rust/syntax/24-error-type-design/2-summary.md	languages/rust/syntax/24-error-type-design/2-summary.md
cs/foundations/languages/rust/syntax/24-error-type-design/3-answer.md	languages/rust/syntax/24-error-type-design/3-answer.md
cs/foundations/languages/rust/syntax/25-traits-definition-impl-default-methods-and-associated-types/1-question.md	languages/rust/syntax/25-traits-definition-impl-default-methods-and-associated-types/1-question.md
cs/foundations/languages/rust/syntax/25-traits-definition-impl-default-methods-and-associated-types/2-summary.md	languages/rust/syntax/25-traits-definition-impl-default-methods-and-associated-types/2-summary.md
cs/foundations/languages/rust/syntax/25-traits-definition-impl-default-methods-and-associated-types/3-answer.md	languages/rust/syntax/25-traits-definition-impl-default-methods-and-associated-types/3-answer.md
cs/foundations/languages/rust/syntax/26-orphan-rule-and-newtype/1-question.md	languages/rust/syntax/26-orphan-rule-and-newtype/1-question.md
cs/foundations/languages/rust/syntax/26-orphan-rule-and-newtype/2-summary.md	languages/rust/syntax/26-orphan-rule-and-newtype/2-summary.md
cs/foundations/languages/rust/syntax/26-orphan-rule-and-newtype/3-answer.md	languages/rust/syntax/26-orphan-rule-and-newtype/3-answer.md
cs/foundations/languages/rust/syntax/27-derive-macros-debug-clone-partialeq-default-hash/1-question.md	languages/rust/syntax/27-derive-macros-debug-clone-partialeq-default-hash/1-question.md
cs/foundations/languages/rust/syntax/27-derive-macros-debug-clone-partialeq-default-hash/2-summary.md	languages/rust/syntax/27-derive-macros-debug-clone-partialeq-default-hash/2-summary.md
cs/foundations/languages/rust/syntax/27-derive-macros-debug-clone-partialeq-default-hash/3-answer.md	languages/rust/syntax/27-derive-macros-debug-clone-partialeq-default-hash/3-answer.md
cs/foundations/languages/rust/syntax/28-partialeq-eq-partialord-ord-and-hash-contracts/1-question.md	languages/rust/syntax/28-partialeq-eq-partialord-ord-and-hash-contracts/1-question.md
cs/foundations/languages/rust/syntax/28-partialeq-eq-partialord-ord-and-hash-contracts/2-summary.md	languages/rust/syntax/28-partialeq-eq-partialord-ord-and-hash-contracts/2-summary.md
cs/foundations/languages/rust/syntax/28-partialeq-eq-partialord-ord-and-hash-contracts/3-answer.md	languages/rust/syntax/28-partialeq-eq-partialord-ord-and-hash-contracts/3-answer.md
cs/foundations/languages/rust/syntax/29-conversion-traits-from-into-tryfrom-asref-borrow/1-question.md	languages/rust/syntax/29-conversion-traits-from-into-tryfrom-asref-borrow/1-question.md
cs/foundations/languages/rust/syntax/29-conversion-traits-from-into-tryfrom-asref-borrow/2-summary.md	languages/rust/syntax/29-conversion-traits-from-into-tryfrom-asref-borrow/2-summary.md
cs/foundations/languages/rust/syntax/29-conversion-traits-from-into-tryfrom-asref-borrow/3-answer.md	languages/rust/syntax/29-conversion-traits-from-into-tryfrom-asref-borrow/3-answer.md
cs/foundations/languages/rust/syntax/30-operator-overloading-std-ops-index-and-deref/1-question.md	languages/rust/syntax/30-operator-overloading-std-ops-index-and-deref/1-question.md
cs/foundations/languages/rust/syntax/30-operator-overloading-std-ops-index-and-deref/2-summary.md	languages/rust/syntax/30-operator-overloading-std-ops-index-and-deref/2-summary.md
cs/foundations/languages/rust/syntax/30-operator-overloading-std-ops-index-and-deref/3-answer.md	languages/rust/syntax/30-operator-overloading-std-ops-index-and-deref/3-answer.md
cs/foundations/languages/rust/syntax/31-generics-trait-bounds-where-and-monomorphization/1-question.md	languages/rust/syntax/31-generics-trait-bounds-where-and-monomorphization/1-question.md
cs/foundations/languages/rust/syntax/31-generics-trait-bounds-where-and-monomorphization/2-summary.md	languages/rust/syntax/31-generics-trait-bounds-where-and-monomorphization/2-summary.md
cs/foundations/languages/rust/syntax/31-generics-trait-bounds-where-and-monomorphization/3-answer.md	languages/rust/syntax/31-generics-trait-bounds-where-and-monomorphization/3-answer.md
cs/foundations/languages/rust/syntax/32-impl-trait-argument-return-position-and-2024-capture/1-question.md	languages/rust/syntax/32-impl-trait-argument-return-position-and-2024-capture/1-question.md
cs/foundations/languages/rust/syntax/32-impl-trait-argument-return-position-and-2024-capture/2-summary.md	languages/rust/syntax/32-impl-trait-argument-return-position-and-2024-capture/2-summary.md
cs/foundations/languages/rust/syntax/32-impl-trait-argument-return-position-and-2024-capture/3-answer.md	languages/rust/syntax/32-impl-trait-argument-return-position-and-2024-capture/3-answer.md
cs/foundations/languages/rust/syntax/33-dyn-trait-objects-and-object-safety/1-question.md	languages/rust/syntax/33-dyn-trait-objects-and-object-safety/1-question.md
cs/foundations/languages/rust/syntax/33-dyn-trait-objects-and-object-safety/2-summary.md	languages/rust/syntax/33-dyn-trait-objects-and-object-safety/2-summary.md
cs/foundations/languages/rust/syntax/33-dyn-trait-objects-and-object-safety/3-answer.md	languages/rust/syntax/33-dyn-trait-objects-and-object-safety/3-answer.md
cs/foundations/languages/rust/syntax/34-closures-fn-fnmut-fnonce-and-move/1-question.md	languages/rust/syntax/34-closures-fn-fnmut-fnonce-and-move/1-question.md
cs/foundations/languages/rust/syntax/34-closures-fn-fnmut-fnonce-and-move/2-summary.md	languages/rust/syntax/34-closures-fn-fnmut-fnonce-and-move/2-summary.md
cs/foundations/languages/rust/syntax/34-closures-fn-fnmut-fnonce-and-move/3-answer.md	languages/rust/syntax/34-closures-fn-fnmut-fnonce-and-move/3-answer.md
cs/foundations/languages/rust/syntax/35-function-pointers-and-returning-closures/1-question.md	languages/rust/syntax/35-function-pointers-and-returning-closures/1-question.md
cs/foundations/languages/rust/syntax/35-function-pointers-and-returning-closures/2-summary.md	languages/rust/syntax/35-function-pointers-and-returning-closures/2-summary.md
cs/foundations/languages/rust/syntax/35-function-pointers-and-returning-closures/3-answer.md	languages/rust/syntax/35-function-pointers-and-returning-closures/3-answer.md
cs/foundations/languages/rust/syntax/36-iterator-adapters-laziness-and-collect/1-question.md	languages/rust/syntax/36-iterator-adapters-laziness-and-collect/1-question.md
cs/foundations/languages/rust/syntax/36-iterator-adapters-laziness-and-collect/2-summary.md	languages/rust/syntax/36-iterator-adapters-laziness-and-collect/2-summary.md
cs/foundations/languages/rust/syntax/36-iterator-adapters-laziness-and-collect/3-answer.md	languages/rust/syntax/36-iterator-adapters-laziness-and-collect/3-answer.md
cs/foundations/languages/rust/syntax/37-intoiterator-three-forms-iter-iter-mut-into-iter/1-question.md	languages/rust/syntax/37-intoiterator-three-forms-iter-iter-mut-into-iter/1-question.md
cs/foundations/languages/rust/syntax/37-intoiterator-three-forms-iter-iter-mut-into-iter/2-summary.md	languages/rust/syntax/37-intoiterator-three-forms-iter-iter-mut-into-iter/2-summary.md
cs/foundations/languages/rust/syntax/37-intoiterator-three-forms-iter-iter-mut-into-iter/3-answer.md	languages/rust/syntax/37-intoiterator-three-forms-iter-iter-mut-into-iter/3-answer.md
cs/foundations/languages/rust/syntax/38-vec-api-capacity-retain-and-drain/1-question.md	languages/rust/syntax/38-vec-api-capacity-retain-and-drain/1-question.md
cs/foundations/languages/rust/syntax/38-vec-api-capacity-retain-and-drain/2-summary.md	languages/rust/syntax/38-vec-api-capacity-retain-and-drain/2-summary.md
cs/foundations/languages/rust/syntax/38-vec-api-capacity-retain-and-drain/3-answer.md	languages/rust/syntax/38-vec-api-capacity-retain-and-drain/3-answer.md
cs/foundations/languages/rust/syntax/39-hashmap-vs-btreemap-and-entry-api/1-question.md	languages/rust/syntax/39-hashmap-vs-btreemap-and-entry-api/1-question.md
cs/foundations/languages/rust/syntax/39-hashmap-vs-btreemap-and-entry-api/2-summary.md	languages/rust/syntax/39-hashmap-vs-btreemap-and-entry-api/2-summary.md
cs/foundations/languages/rust/syntax/39-hashmap-vs-btreemap-and-entry-api/3-answer.md	languages/rust/syntax/39-hashmap-vs-btreemap-and-entry-api/3-answer.md
cs/foundations/languages/rust/syntax/40-box-recursive-types-and-dyn/1-question.md	languages/rust/syntax/40-box-recursive-types-and-dyn/1-question.md
cs/foundations/languages/rust/syntax/40-box-recursive-types-and-dyn/2-summary.md	languages/rust/syntax/40-box-recursive-types-and-dyn/2-summary.md
cs/foundations/languages/rust/syntax/40-box-recursive-types-and-dyn/3-answer.md	languages/rust/syntax/40-box-recursive-types-and-dyn/3-answer.md
cs/foundations/languages/rust/syntax/41-rc-arc-shared-ownership-and-weak-cycles/1-question.md	languages/rust/syntax/41-rc-arc-shared-ownership-and-weak-cycles/1-question.md
cs/foundations/languages/rust/syntax/41-rc-arc-shared-ownership-and-weak-cycles/2-summary.md	languages/rust/syntax/41-rc-arc-shared-ownership-and-weak-cycles/2-summary.md
cs/foundations/languages/rust/syntax/41-rc-arc-shared-ownership-and-weak-cycles/3-answer.md	languages/rust/syntax/41-rc-arc-shared-ownership-and-weak-cycles/3-answer.md
cs/foundations/languages/rust/syntax/42-refcell-cell-interior-mutability/1-question.md	languages/rust/syntax/42-refcell-cell-interior-mutability/1-question.md
cs/foundations/languages/rust/syntax/42-refcell-cell-interior-mutability/2-summary.md	languages/rust/syntax/42-refcell-cell-interior-mutability/2-summary.md
cs/foundations/languages/rust/syntax/42-refcell-cell-interior-mutability/3-answer.md	languages/rust/syntax/42-refcell-cell-interior-mutability/3-answer.md
cs/foundations/languages/rust/syntax/43-deref-coercion-and-smart-pointers/1-question.md	languages/rust/syntax/43-deref-coercion-and-smart-pointers/1-question.md
cs/foundations/languages/rust/syntax/43-deref-coercion-and-smart-pointers/2-summary.md	languages/rust/syntax/43-deref-coercion-and-smart-pointers/2-summary.md
cs/foundations/languages/rust/syntax/43-deref-coercion-and-smart-pointers/3-answer.md	languages/rust/syntax/43-deref-coercion-and-smart-pointers/3-answer.md
cs/foundations/languages/rust/syntax/44-drop-mem-drop-replace-and-take/1-question.md	languages/rust/syntax/44-drop-mem-drop-replace-and-take/1-question.md
cs/foundations/languages/rust/syntax/44-drop-mem-drop-replace-and-take/2-summary.md	languages/rust/syntax/44-drop-mem-drop-replace-and-take/2-summary.md
cs/foundations/languages/rust/syntax/44-drop-mem-drop-replace-and-take/3-answer.md	languages/rust/syntax/44-drop-mem-drop-replace-and-take/3-answer.md
cs/foundations/languages/rust/syntax/45-module-system-mod-use-pub-crate-and-file-layout/1-question.md	languages/rust/syntax/45-module-system-mod-use-pub-crate-and-file-layout/1-question.md
cs/foundations/languages/rust/syntax/45-module-system-mod-use-pub-crate-and-file-layout/2-summary.md	languages/rust/syntax/45-module-system-mod-use-pub-crate-and-file-layout/2-summary.md
cs/foundations/languages/rust/syntax/45-module-system-mod-use-pub-crate-and-file-layout/3-answer.md	languages/rust/syntax/45-module-system-mod-use-pub-crate-and-file-layout/3-answer.md
cs/foundations/languages/rust/syntax/46-crates-cargo-toml-features-and-workspaces/1-question.md	languages/rust/syntax/46-crates-cargo-toml-features-and-workspaces/1-question.md
cs/foundations/languages/rust/syntax/46-crates-cargo-toml-features-and-workspaces/2-summary.md	languages/rust/syntax/46-crates-cargo-toml-features-and-workspaces/2-summary.md
cs/foundations/languages/rust/syntax/46-crates-cargo-toml-features-and-workspaces/3-answer.md	languages/rust/syntax/46-crates-cargo-toml-features-and-workspaces/3-answer.md
cs/foundations/languages/rust/syntax/47-editions-2021-vs-2024-and-cargo-fix/1-question.md	languages/rust/syntax/47-editions-2021-vs-2024-and-cargo-fix/1-question.md
cs/foundations/languages/rust/syntax/47-editions-2021-vs-2024-and-cargo-fix/2-summary.md	languages/rust/syntax/47-editions-2021-vs-2024-and-cargo-fix/2-summary.md
cs/foundations/languages/rust/syntax/47-editions-2021-vs-2024-and-cargo-fix/3-answer.md	languages/rust/syntax/47-editions-2021-vs-2024-and-cargo-fix/3-answer.md
cs/foundations/languages/rust/syntax/48-format-macros-display-and-debug/1-question.md	languages/rust/syntax/48-format-macros-display-and-debug/1-question.md
cs/foundations/languages/rust/syntax/48-format-macros-display-and-debug/2-summary.md	languages/rust/syntax/48-format-macros-display-and-debug/2-summary.md
cs/foundations/languages/rust/syntax/48-format-macros-display-and-debug/3-answer.md	languages/rust/syntax/48-format-macros-display-and-debug/3-answer.md
cs/foundations/languages/rust/syntax/49-threads-spawn-join-and-move-closures/1-question.md	languages/rust/syntax/49-threads-spawn-join-and-move-closures/1-question.md
cs/foundations/languages/rust/syntax/49-threads-spawn-join-and-move-closures/2-summary.md	languages/rust/syntax/49-threads-spawn-join-and-move-closures/2-summary.md
cs/foundations/languages/rust/syntax/49-threads-spawn-join-and-move-closures/3-answer.md	languages/rust/syntax/49-threads-spawn-join-and-move-closures/3-answer.md
cs/foundations/languages/rust/syntax/50-send-sync-in-compiler-errors/1-question.md	languages/rust/syntax/50-send-sync-in-compiler-errors/1-question.md
cs/foundations/languages/rust/syntax/50-send-sync-in-compiler-errors/2-summary.md	languages/rust/syntax/50-send-sync-in-compiler-errors/2-summary.md
cs/foundations/languages/rust/syntax/50-send-sync-in-compiler-errors/3-answer.md	languages/rust/syntax/50-send-sync-in-compiler-errors/3-answer.md
cs/foundations/languages/rust/syntax/51-mpsc-channels-and-sender-drop/1-question.md	languages/rust/syntax/51-mpsc-channels-and-sender-drop/1-question.md
cs/foundations/languages/rust/syntax/51-mpsc-channels-and-sender-drop/2-summary.md	languages/rust/syntax/51-mpsc-channels-and-sender-drop/2-summary.md
cs/foundations/languages/rust/syntax/51-mpsc-channels-and-sender-drop/3-answer.md	languages/rust/syntax/51-mpsc-channels-and-sender-drop/3-answer.md
cs/foundations/languages/rust/syntax/52-mutex-rwlock-arc-and-poisoning/1-question.md	languages/rust/syntax/52-mutex-rwlock-arc-and-poisoning/1-question.md
cs/foundations/languages/rust/syntax/52-mutex-rwlock-arc-and-poisoning/2-summary.md	languages/rust/syntax/52-mutex-rwlock-arc-and-poisoning/2-summary.md
cs/foundations/languages/rust/syntax/52-mutex-rwlock-arc-and-poisoning/3-answer.md	languages/rust/syntax/52-mutex-rwlock-arc-and-poisoning/3-answer.md
cs/foundations/languages/rust/syntax/53-atomics-oncelock-and-lazylock/1-question.md	languages/rust/syntax/53-atomics-oncelock-and-lazylock/1-question.md
cs/foundations/languages/rust/syntax/53-atomics-oncelock-and-lazylock/2-summary.md	languages/rust/syntax/53-atomics-oncelock-and-lazylock/2-summary.md
cs/foundations/languages/rust/syntax/53-atomics-oncelock-and-lazylock/3-answer.md	languages/rust/syntax/53-atomics-oncelock-and-lazylock/3-answer.md
cs/foundations/languages/rust/syntax/54-async-await-and-future-state-machines/1-question.md	languages/rust/syntax/54-async-await-and-future-state-machines/1-question.md
cs/foundations/languages/rust/syntax/54-async-await-and-future-state-machines/2-summary.md	languages/rust/syntax/54-async-await-and-future-state-machines/2-summary.md
cs/foundations/languages/rust/syntax/54-async-await-and-future-state-machines/3-answer.md	languages/rust/syntax/54-async-await-and-future-state-machines/3-answer.md
cs/foundations/languages/rust/syntax/55-async-in-practice-runtime-send-and-pin/1-question.md	languages/rust/syntax/55-async-in-practice-runtime-send-and-pin/1-question.md
cs/foundations/languages/rust/syntax/55-async-in-practice-runtime-send-and-pin/2-summary.md	languages/rust/syntax/55-async-in-practice-runtime-send-and-pin/2-summary.md
cs/foundations/languages/rust/syntax/55-async-in-practice-runtime-send-and-pin/3-answer.md	languages/rust/syntax/55-async-in-practice-runtime-send-and-pin/3-answer.md
cs/foundations/languages/rust/syntax/57-macros-macro-rules-and-procedural-macros/1-question.md	languages/rust/syntax/57-macros-macro-rules-and-procedural-macros/1-question.md
cs/foundations/languages/rust/syntax/57-macros-macro-rules-and-procedural-macros/2-summary.md	languages/rust/syntax/57-macros-macro-rules-and-procedural-macros/2-summary.md
cs/foundations/languages/rust/syntax/57-macros-macro-rules-and-procedural-macros/3-answer.md	languages/rust/syntax/57-macros-macro-rules-and-procedural-macros/3-answer.md
cs/foundations/languages/rust/syntax/58-testing-unit-integration-and-doc-tests/1-question.md	languages/rust/syntax/58-testing-unit-integration-and-doc-tests/1-question.md
cs/foundations/languages/rust/syntax/58-testing-unit-integration-and-doc-tests/2-summary.md	languages/rust/syntax/58-testing-unit-integration-and-doc-tests/2-summary.md
cs/foundations/languages/rust/syntax/58-testing-unit-integration-and-doc-tests/3-answer.md	languages/rust/syntax/58-testing-unit-integration-and-doc-tests/3-answer.md
cs/foundations/languages/rust/syntax/README.md	languages/rust/syntax/README.md
"cs/foundations/languages/rust/\354\226\270\354\226\264-\355\212\271\354\204\261/README.md"	"languages/rust/\354\226\270\354\226\264-\355\212\271\354\204\261/README.md"
cs/foundations/languages/sql/syntax/01-logical-query-processing-order/1-question.md	languages/sql/syntax/01-logical-query-processing-order/1-question.md
cs/foundations/languages/sql/syntax/01-logical-query-processing-order/2-summary.md	languages/sql/syntax/01-logical-query-processing-order/2-summary.md
cs/foundations/languages/sql/syntax/01-logical-query-processing-order/3-answer.md	languages/sql/syntax/01-logical-query-processing-order/3-answer.md
cs/foundations/languages/sql/syntax/02-select-list-column-aliases/1-question.md	languages/sql/syntax/02-select-list-column-aliases/1-question.md
cs/foundations/languages/sql/syntax/02-select-list-column-aliases/2-summary.md	languages/sql/syntax/02-select-list-column-aliases/2-summary.md
cs/foundations/languages/sql/syntax/02-select-list-column-aliases/3-answer.md	languages/sql/syntax/02-select-list-column-aliases/3-answer.md
cs/foundations/languages/sql/syntax/03-where-vs-having/1-question.md	languages/sql/syntax/03-where-vs-having/1-question.md
cs/foundations/languages/sql/syntax/03-where-vs-having/2-summary.md	languages/sql/syntax/03-where-vs-having/2-summary.md
cs/foundations/languages/sql/syntax/03-where-vs-having/3-answer.md	languages/sql/syntax/03-where-vs-having/3-answer.md
cs/foundations/languages/sql/syntax/04-null-three-valued-logic/1-question.md	languages/sql/syntax/04-null-three-valued-logic/1-question.md
cs/foundations/languages/sql/syntax/04-null-three-valued-logic/2-summary.md	languages/sql/syntax/04-null-three-valued-logic/2-summary.md
cs/foundations/languages/sql/syntax/04-null-three-valued-logic/3-answer.md	languages/sql/syntax/04-null-three-valued-logic/3-answer.md
cs/foundations/languages/sql/syntax/05-null-comparison-is-distinct-from/1-question.md	languages/sql/syntax/05-null-comparison-is-distinct-from/1-question.md
cs/foundations/languages/sql/syntax/05-null-comparison-is-distinct-from/2-summary.md	languages/sql/syntax/05-null-comparison-is-distinct-from/2-summary.md
cs/foundations/languages/sql/syntax/05-null-comparison-is-distinct-from/3-answer.md	languages/sql/syntax/05-null-comparison-is-distinct-from/3-answer.md
cs/foundations/languages/sql/syntax/06-conditional-expressions-case-coalesce/1-question.md	languages/sql/syntax/06-conditional-expressions-case-coalesce/1-question.md
cs/foundations/languages/sql/syntax/06-conditional-expressions-case-coalesce/2-summary.md	languages/sql/syntax/06-conditional-expressions-case-coalesce/2-summary.md
cs/foundations/languages/sql/syntax/06-conditional-expressions-case-coalesce/3-answer.md	languages/sql/syntax/06-conditional-expressions-case-coalesce/3-answer.md
cs/foundations/languages/sql/syntax/07-distinct-and-duplicate-removal/1-question.md	languages/sql/syntax/07-distinct-and-duplicate-removal/1-question.md
cs/foundations/languages/sql/syntax/07-distinct-and-duplicate-removal/2-summary.md	languages/sql/syntax/07-distinct-and-duplicate-removal/2-summary.md
cs/foundations/languages/sql/syntax/07-distinct-and-duplicate-removal/3-answer.md	languages/sql/syntax/07-distinct-and-duplicate-removal/3-answer.md
cs/foundations/languages/sql/syntax/08-order-by-null-position-stability/1-question.md	languages/sql/syntax/08-order-by-null-position-stability/1-question.md
cs/foundations/languages/sql/syntax/08-order-by-null-position-stability/2-summary.md	languages/sql/syntax/08-order-by-null-position-stability/2-summary.md
cs/foundations/languages/sql/syntax/08-order-by-null-position-stability/3-answer.md	languages/sql/syntax/08-order-by-null-position-stability/3-answer.md
cs/foundations/languages/sql/syntax/09-limit-offset-keyset-pagination/1-question.md	languages/sql/syntax/09-limit-offset-keyset-pagination/1-question.md
cs/foundations/languages/sql/syntax/09-limit-offset-keyset-pagination/2-summary.md	languages/sql/syntax/09-limit-offset-keyset-pagination/2-summary.md
cs/foundations/languages/sql/syntax/09-limit-offset-keyset-pagination/3-answer.md	languages/sql/syntax/09-limit-offset-keyset-pagination/3-answer.md
cs/foundations/languages/sql/syntax/10-from-clause-aliases-derived-tables/1-question.md	languages/sql/syntax/10-from-clause-aliases-derived-tables/1-question.md
cs/foundations/languages/sql/syntax/10-from-clause-aliases-derived-tables/2-summary.md	languages/sql/syntax/10-from-clause-aliases-derived-tables/2-summary.md
cs/foundations/languages/sql/syntax/10-from-clause-aliases-derived-tables/3-answer.md	languages/sql/syntax/10-from-clause-aliases-derived-tables/3-answer.md
cs/foundations/languages/sql/syntax/11-subquery-scalar-correlated-any-all/1-question.md	languages/sql/syntax/11-subquery-scalar-correlated-any-all/1-question.md
cs/foundations/languages/sql/syntax/11-subquery-scalar-correlated-any-all/2-summary.md	languages/sql/syntax/11-subquery-scalar-correlated-any-all/2-summary.md
cs/foundations/languages/sql/syntax/11-subquery-scalar-correlated-any-all/3-answer.md	languages/sql/syntax/11-subquery-scalar-correlated-any-all/3-answer.md
cs/foundations/languages/sql/syntax/12-cartesian-product-cross-join/1-question.md	languages/sql/syntax/12-cartesian-product-cross-join/1-question.md
cs/foundations/languages/sql/syntax/12-cartesian-product-cross-join/2-summary.md	languages/sql/syntax/12-cartesian-product-cross-join/2-summary.md
cs/foundations/languages/sql/syntax/12-cartesian-product-cross-join/3-answer.md	languages/sql/syntax/12-cartesian-product-cross-join/3-answer.md
cs/foundations/languages/sql/syntax/13-inner-join/1-question.md	languages/sql/syntax/13-inner-join/1-question.md
cs/foundations/languages/sql/syntax/13-inner-join/2-summary.md	languages/sql/syntax/13-inner-join/2-summary.md
cs/foundations/languages/sql/syntax/13-inner-join/3-answer.md	languages/sql/syntax/13-inner-join/3-answer.md
cs/foundations/languages/sql/syntax/14-left-right-outer-join/1-question.md	languages/sql/syntax/14-left-right-outer-join/1-question.md
cs/foundations/languages/sql/syntax/14-left-right-outer-join/2-summary.md	languages/sql/syntax/14-left-right-outer-join/2-summary.md
cs/foundations/languages/sql/syntax/14-left-right-outer-join/3-answer.md	languages/sql/syntax/14-left-right-outer-join/3-answer.md
cs/foundations/languages/sql/syntax/15-on-vs-where-in-outer-join/1-question.md	languages/sql/syntax/15-on-vs-where-in-outer-join/1-question.md
cs/foundations/languages/sql/syntax/15-on-vs-where-in-outer-join/2-summary.md	languages/sql/syntax/15-on-vs-where-in-outer-join/2-summary.md
cs/foundations/languages/sql/syntax/15-on-vs-where-in-outer-join/3-answer.md	languages/sql/syntax/15-on-vs-where-in-outer-join/3-answer.md
cs/foundations/languages/sql/syntax/16-full-outer-join/1-question.md	languages/sql/syntax/16-full-outer-join/1-question.md
cs/foundations/languages/sql/syntax/16-full-outer-join/2-summary.md	languages/sql/syntax/16-full-outer-join/2-summary.md
cs/foundations/languages/sql/syntax/16-full-outer-join/3-answer.md	languages/sql/syntax/16-full-outer-join/3-answer.md
cs/foundations/languages/sql/syntax/17-self-join/1-question.md	languages/sql/syntax/17-self-join/1-question.md
cs/foundations/languages/sql/syntax/17-self-join/2-summary.md	languages/sql/syntax/17-self-join/2-summary.md
cs/foundations/languages/sql/syntax/17-self-join/3-answer.md	languages/sql/syntax/17-self-join/3-answer.md
cs/foundations/languages/sql/syntax/18-using-and-natural-join/1-question.md	languages/sql/syntax/18-using-and-natural-join/1-question.md
cs/foundations/languages/sql/syntax/18-using-and-natural-join/2-summary.md	languages/sql/syntax/18-using-and-natural-join/2-summary.md
cs/foundations/languages/sql/syntax/18-using-and-natural-join/3-answer.md	languages/sql/syntax/18-using-and-natural-join/3-answer.md
cs/foundations/languages/sql/syntax/19-semi-anti-join/1-question.md	languages/sql/syntax/19-semi-anti-join/1-question.md
cs/foundations/languages/sql/syntax/19-semi-anti-join/2-summary.md	languages/sql/syntax/19-semi-anti-join/2-summary.md
cs/foundations/languages/sql/syntax/19-semi-anti-join/3-answer.md	languages/sql/syntax/19-semi-anti-join/3-answer.md
cs/foundations/languages/sql/syntax/20-lateral-join/1-question.md	languages/sql/syntax/20-lateral-join/1-question.md
cs/foundations/languages/sql/syntax/20-lateral-join/2-summary.md	languages/sql/syntax/20-lateral-join/2-summary.md
cs/foundations/languages/sql/syntax/20-lateral-join/3-answer.md	languages/sql/syntax/20-lateral-join/3-answer.md
cs/foundations/languages/sql/syntax/21-aggregate-functions-count-forms/1-question.md	languages/sql/syntax/21-aggregate-functions-count-forms/1-question.md
cs/foundations/languages/sql/syntax/21-aggregate-functions-count-forms/2-summary.md	languages/sql/syntax/21-aggregate-functions-count-forms/2-summary.md
cs/foundations/languages/sql/syntax/21-aggregate-functions-count-forms/3-answer.md	languages/sql/syntax/21-aggregate-functions-count-forms/3-answer.md
cs/foundations/languages/sql/syntax/22-group-by-nonaggregated-columns/1-question.md	languages/sql/syntax/22-group-by-nonaggregated-columns/1-question.md
cs/foundations/languages/sql/syntax/22-group-by-nonaggregated-columns/2-summary.md	languages/sql/syntax/22-group-by-nonaggregated-columns/2-summary.md
cs/foundations/languages/sql/syntax/22-group-by-nonaggregated-columns/3-answer.md	languages/sql/syntax/22-group-by-nonaggregated-columns/3-answer.md
cs/foundations/languages/sql/syntax/23-grouping-sets-rollup-cube/1-question.md	languages/sql/syntax/23-grouping-sets-rollup-cube/1-question.md
cs/foundations/languages/sql/syntax/23-grouping-sets-rollup-cube/2-summary.md	languages/sql/syntax/23-grouping-sets-rollup-cube/2-summary.md
cs/foundations/languages/sql/syntax/23-grouping-sets-rollup-cube/3-answer.md	languages/sql/syntax/23-grouping-sets-rollup-cube/3-answer.md
cs/foundations/languages/sql/syntax/24-conditional-aggregation-filter-case/1-question.md	languages/sql/syntax/24-conditional-aggregation-filter-case/1-question.md
cs/foundations/languages/sql/syntax/24-conditional-aggregation-filter-case/2-summary.md	languages/sql/syntax/24-conditional-aggregation-filter-case/2-summary.md
cs/foundations/languages/sql/syntax/24-conditional-aggregation-filter-case/3-answer.md	languages/sql/syntax/24-conditional-aggregation-filter-case/3-answer.md
cs/foundations/languages/sql/syntax/25-join-fan-out/1-question.md	languages/sql/syntax/25-join-fan-out/1-question.md
cs/foundations/languages/sql/syntax/25-join-fan-out/2-summary.md	languages/sql/syntax/25-join-fan-out/2-summary.md
cs/foundations/languages/sql/syntax/25-join-fan-out/3-answer.md	languages/sql/syntax/25-join-fan-out/3-answer.md
cs/foundations/languages/sql/syntax/26-window-functions-vs-aggregates/1-question.md	languages/sql/syntax/26-window-functions-vs-aggregates/1-question.md
cs/foundations/languages/sql/syntax/26-window-functions-vs-aggregates/2-summary.md	languages/sql/syntax/26-window-functions-vs-aggregates/2-summary.md
cs/foundations/languages/sql/syntax/26-window-functions-vs-aggregates/3-answer.md	languages/sql/syntax/26-window-functions-vs-aggregates/3-answer.md
cs/foundations/languages/sql/syntax/27-partition-by-and-window-order-by/1-question.md	languages/sql/syntax/27-partition-by-and-window-order-by/1-question.md
cs/foundations/languages/sql/syntax/27-partition-by-and-window-order-by/2-summary.md	languages/sql/syntax/27-partition-by-and-window-order-by/2-summary.md
cs/foundations/languages/sql/syntax/27-partition-by-and-window-order-by/3-answer.md	languages/sql/syntax/27-partition-by-and-window-order-by/3-answer.md
cs/foundations/languages/sql/syntax/28-window-frames-rows-range-groups/1-question.md	languages/sql/syntax/28-window-frames-rows-range-groups/1-question.md
cs/foundations/languages/sql/syntax/28-window-frames-rows-range-groups/2-summary.md	languages/sql/syntax/28-window-frames-rows-range-groups/2-summary.md
cs/foundations/languages/sql/syntax/28-window-frames-rows-range-groups/3-answer.md	languages/sql/syntax/28-window-frames-rows-range-groups/3-answer.md
cs/foundations/languages/sql/syntax/29-ranking-functions/1-question.md	languages/sql/syntax/29-ranking-functions/1-question.md
cs/foundations/languages/sql/syntax/29-ranking-functions/2-summary.md	languages/sql/syntax/29-ranking-functions/2-summary.md
cs/foundations/languages/sql/syntax/29-ranking-functions/3-answer.md	languages/sql/syntax/29-ranking-functions/3-answer.md
cs/foundations/languages/sql/syntax/30-offset-and-boundary-functions/1-question.md	languages/sql/syntax/30-offset-and-boundary-functions/1-question.md
cs/foundations/languages/sql/syntax/30-offset-and-boundary-functions/2-summary.md	languages/sql/syntax/30-offset-and-boundary-functions/2-summary.md
cs/foundations/languages/sql/syntax/30-offset-and-boundary-functions/3-answer.md	languages/sql/syntax/30-offset-and-boundary-functions/3-answer.md
cs/foundations/languages/sql/syntax/31-window-evaluation-timing/1-question.md	languages/sql/syntax/31-window-evaluation-timing/1-question.md
cs/foundations/languages/sql/syntax/31-window-evaluation-timing/2-summary.md	languages/sql/syntax/31-window-evaluation-timing/2-summary.md
cs/foundations/languages/sql/syntax/31-window-evaluation-timing/3-answer.md	languages/sql/syntax/31-window-evaluation-timing/3-answer.md
cs/foundations/languages/sql/syntax/32-cte-with-clause/1-question.md	languages/sql/syntax/32-cte-with-clause/1-question.md
cs/foundations/languages/sql/syntax/32-cte-with-clause/2-summary.md	languages/sql/syntax/32-cte-with-clause/2-summary.md
cs/foundations/languages/sql/syntax/32-cte-with-clause/3-answer.md	languages/sql/syntax/32-cte-with-clause/3-answer.md
cs/foundations/languages/sql/syntax/33-recursive-cte/1-question.md	languages/sql/syntax/33-recursive-cte/1-question.md
cs/foundations/languages/sql/syntax/33-recursive-cte/2-summary.md	languages/sql/syntax/33-recursive-cte/2-summary.md
cs/foundations/languages/sql/syntax/33-recursive-cte/3-answer.md	languages/sql/syntax/33-recursive-cte/3-answer.md
cs/foundations/languages/sql/syntax/34-set-operations-union-intersect-except/1-question.md	languages/sql/syntax/34-set-operations-union-intersect-except/1-question.md
cs/foundations/languages/sql/syntax/34-set-operations-union-intersect-except/2-summary.md	languages/sql/syntax/34-set-operations-union-intersect-except/2-summary.md
cs/foundations/languages/sql/syntax/34-set-operations-union-intersect-except/3-answer.md	languages/sql/syntax/34-set-operations-union-intersect-except/3-answer.md
cs/foundations/languages/sql/syntax/35-type-system-and-casting/1-question.md	languages/sql/syntax/35-type-system-and-casting/1-question.md
cs/foundations/languages/sql/syntax/35-type-system-and-casting/2-summary.md	languages/sql/syntax/35-type-system-and-casting/2-summary.md
cs/foundations/languages/sql/syntax/35-type-system-and-casting/3-answer.md	languages/sql/syntax/35-type-system-and-casting/3-answer.md
cs/foundations/languages/sql/syntax/36-numeric-types-and-functions/1-question.md	languages/sql/syntax/36-numeric-types-and-functions/1-question.md
cs/foundations/languages/sql/syntax/36-numeric-types-and-functions/2-summary.md	languages/sql/syntax/36-numeric-types-and-functions/2-summary.md
cs/foundations/languages/sql/syntax/36-numeric-types-and-functions/3-answer.md	languages/sql/syntax/36-numeric-types-and-functions/3-answer.md
cs/foundations/languages/sql/syntax/37-string-functions-and-concatenation/1-question.md	languages/sql/syntax/37-string-functions-and-concatenation/1-question.md
cs/foundations/languages/sql/syntax/37-string-functions-and-concatenation/2-summary.md	languages/sql/syntax/37-string-functions-and-concatenation/2-summary.md
cs/foundations/languages/sql/syntax/37-string-functions-and-concatenation/3-answer.md	languages/sql/syntax/37-string-functions-and-concatenation/3-answer.md
cs/foundations/languages/sql/syntax/38-pattern-matching-like-regex/1-question.md	languages/sql/syntax/38-pattern-matching-like-regex/1-question.md
cs/foundations/languages/sql/syntax/38-pattern-matching-like-regex/2-summary.md	languages/sql/syntax/38-pattern-matching-like-regex/2-summary.md
cs/foundations/languages/sql/syntax/38-pattern-matching-like-regex/3-answer.md	languages/sql/syntax/38-pattern-matching-like-regex/3-answer.md
cs/foundations/languages/sql/syntax/39-collation/1-question.md	languages/sql/syntax/39-collation/1-question.md
cs/foundations/languages/sql/syntax/39-collation/2-summary.md	languages/sql/syntax/39-collation/2-summary.md
cs/foundations/languages/sql/syntax/39-collation/3-answer.md	languages/sql/syntax/39-collation/3-answer.md
cs/foundations/languages/sql/syntax/40-date-time-types-and-functions/1-question.md	languages/sql/syntax/40-date-time-types-and-functions/1-question.md
cs/foundations/languages/sql/syntax/40-date-time-types-and-functions/2-summary.md	languages/sql/syntax/40-date-time-types-and-functions/2-summary.md
cs/foundations/languages/sql/syntax/40-date-time-types-and-functions/3-answer.md	languages/sql/syntax/40-date-time-types-and-functions/3-answer.md
cs/foundations/languages/sql/syntax/41-json-types-and-functions/1-question.md	languages/sql/syntax/41-json-types-and-functions/1-question.md
cs/foundations/languages/sql/syntax/41-json-types-and-functions/2-summary.md	languages/sql/syntax/41-json-types-and-functions/2-summary.md
cs/foundations/languages/sql/syntax/41-json-types-and-functions/3-answer.md	languages/sql/syntax/41-json-types-and-functions/3-answer.md
cs/foundations/languages/sql/syntax/42-create-alter-drop-table/1-question.md	languages/sql/syntax/42-create-alter-drop-table/1-question.md
cs/foundations/languages/sql/syntax/42-create-alter-drop-table/2-summary.md	languages/sql/syntax/42-create-alter-drop-table/2-summary.md
cs/foundations/languages/sql/syntax/42-create-alter-drop-table/3-answer.md	languages/sql/syntax/42-create-alter-drop-table/3-answer.md
cs/foundations/languages/sql/syntax/43-primary-key-unique-and-null/1-question.md	languages/sql/syntax/43-primary-key-unique-and-null/1-question.md
cs/foundations/languages/sql/syntax/43-primary-key-unique-and-null/2-summary.md	languages/sql/syntax/43-primary-key-unique-and-null/2-summary.md
cs/foundations/languages/sql/syntax/43-primary-key-unique-and-null/3-answer.md	languages/sql/syntax/43-primary-key-unique-and-null/3-answer.md
cs/foundations/languages/sql/syntax/44-foreign-key-referential-actions/1-question.md	languages/sql/syntax/44-foreign-key-referential-actions/1-question.md
cs/foundations/languages/sql/syntax/44-foreign-key-referential-actions/2-summary.md	languages/sql/syntax/44-foreign-key-referential-actions/2-summary.md
cs/foundations/languages/sql/syntax/44-foreign-key-referential-actions/3-answer.md	languages/sql/syntax/44-foreign-key-referential-actions/3-answer.md
cs/foundations/languages/sql/syntax/45-check-not-null-default-generated-columns/1-question.md	languages/sql/syntax/45-check-not-null-default-generated-columns/1-question.md
cs/foundations/languages/sql/syntax/45-check-not-null-default-generated-columns/2-summary.md	languages/sql/syntax/45-check-not-null-default-generated-columns/2-summary.md
cs/foundations/languages/sql/syntax/45-check-not-null-default-generated-columns/3-answer.md	languages/sql/syntax/45-check-not-null-default-generated-columns/3-answer.md
cs/foundations/languages/sql/syntax/46-index-definition-composite-partial-expression/1-question.md	languages/sql/syntax/46-index-definition-composite-partial-expression/1-question.md
cs/foundations/languages/sql/syntax/46-index-definition-composite-partial-expression/2-summary.md	languages/sql/syntax/46-index-definition-composite-partial-expression/2-summary.md
cs/foundations/languages/sql/syntax/46-index-definition-composite-partial-expression/3-answer.md	languages/sql/syntax/46-index-definition-composite-partial-expression/3-answer.md
cs/foundations/languages/sql/syntax/47-when-indexes-are-used/1-question.md	languages/sql/syntax/47-when-indexes-are-used/1-question.md
cs/foundations/languages/sql/syntax/47-when-indexes-are-used/2-summary.md	languages/sql/syntax/47-when-indexes-are-used/2-summary.md
cs/foundations/languages/sql/syntax/47-when-indexes-are-used/3-answer.md	languages/sql/syntax/47-when-indexes-are-used/3-answer.md
cs/foundations/languages/sql/syntax/48-views-and-materialized-views/1-question.md	languages/sql/syntax/48-views-and-materialized-views/1-question.md
cs/foundations/languages/sql/syntax/48-views-and-materialized-views/2-summary.md	languages/sql/syntax/48-views-and-materialized-views/2-summary.md
cs/foundations/languages/sql/syntax/48-views-and-materialized-views/3-answer.md	languages/sql/syntax/48-views-and-materialized-views/3-answer.md
cs/foundations/languages/sql/syntax/49-insert-multi-row-and-insert-select/1-question.md	languages/sql/syntax/49-insert-multi-row-and-insert-select/1-question.md
cs/foundations/languages/sql/syntax/49-insert-multi-row-and-insert-select/2-summary.md	languages/sql/syntax/49-insert-multi-row-and-insert-select/2-summary.md
cs/foundations/languages/sql/syntax/49-insert-multi-row-and-insert-select/3-answer.md	languages/sql/syntax/49-insert-multi-row-and-insert-select/3-answer.md
cs/foundations/languages/sql/syntax/50-update-with-join-and-subquery/1-question.md	languages/sql/syntax/50-update-with-join-and-subquery/1-question.md
cs/foundations/languages/sql/syntax/50-update-with-join-and-subquery/2-summary.md	languages/sql/syntax/50-update-with-join-and-subquery/2-summary.md
cs/foundations/languages/sql/syntax/50-update-with-join-and-subquery/3-answer.md	languages/sql/syntax/50-update-with-join-and-subquery/3-answer.md
cs/foundations/languages/sql/syntax/51-delete-and-truncate/1-question.md	languages/sql/syntax/51-delete-and-truncate/1-question.md
cs/foundations/languages/sql/syntax/51-delete-and-truncate/2-summary.md	languages/sql/syntax/51-delete-and-truncate/2-summary.md
cs/foundations/languages/sql/syntax/51-delete-and-truncate/3-answer.md	languages/sql/syntax/51-delete-and-truncate/3-answer.md
cs/foundations/languages/sql/syntax/52-upsert/1-question.md	languages/sql/syntax/52-upsert/1-question.md
cs/foundations/languages/sql/syntax/52-upsert/2-summary.md	languages/sql/syntax/52-upsert/2-summary.md
cs/foundations/languages/sql/syntax/52-upsert/3-answer.md	languages/sql/syntax/52-upsert/3-answer.md
cs/foundations/languages/sql/syntax/53-merge/1-question.md	languages/sql/syntax/53-merge/1-question.md
cs/foundations/languages/sql/syntax/53-merge/2-summary.md	languages/sql/syntax/53-merge/2-summary.md
cs/foundations/languages/sql/syntax/53-merge/3-answer.md	languages/sql/syntax/53-merge/3-answer.md
cs/foundations/languages/sql/syntax/54-returning-and-data-modifying-cte/1-question.md	languages/sql/syntax/54-returning-and-data-modifying-cte/1-question.md
cs/foundations/languages/sql/syntax/54-returning-and-data-modifying-cte/2-summary.md	languages/sql/syntax/54-returning-and-data-modifying-cte/2-summary.md
cs/foundations/languages/sql/syntax/54-returning-and-data-modifying-cte/3-answer.md	languages/sql/syntax/54-returning-and-data-modifying-cte/3-answer.md
cs/foundations/languages/sql/syntax/55-transaction-boundaries-commit-rollback-savepoint/1-question.md	languages/sql/syntax/55-transaction-boundaries-commit-rollback-savepoint/1-question.md
cs/foundations/languages/sql/syntax/55-transaction-boundaries-commit-rollback-savepoint/2-summary.md	languages/sql/syntax/55-transaction-boundaries-commit-rollback-savepoint/2-summary.md
cs/foundations/languages/sql/syntax/55-transaction-boundaries-commit-rollback-savepoint/3-answer.md	languages/sql/syntax/55-transaction-boundaries-commit-rollback-savepoint/3-answer.md
cs/foundations/languages/sql/syntax/56-isolation-levels-read-phenomena-mvcc/1-question.md	languages/sql/syntax/56-isolation-levels-read-phenomena-mvcc/1-question.md
cs/foundations/languages/sql/syntax/56-isolation-levels-read-phenomena-mvcc/2-summary.md	languages/sql/syntax/56-isolation-levels-read-phenomena-mvcc/2-summary.md
cs/foundations/languages/sql/syntax/56-isolation-levels-read-phenomena-mvcc/3-answer.md	languages/sql/syntax/56-isolation-levels-read-phenomena-mvcc/3-answer.md
cs/foundations/languages/sql/syntax/57-explicit-locking-and-deadlock/1-question.md	languages/sql/syntax/57-explicit-locking-and-deadlock/1-question.md
cs/foundations/languages/sql/syntax/57-explicit-locking-and-deadlock/2-summary.md	languages/sql/syntax/57-explicit-locking-and-deadlock/2-summary.md
cs/foundations/languages/sql/syntax/57-explicit-locking-and-deadlock/3-answer.md	languages/sql/syntax/57-explicit-locking-and-deadlock/3-answer.md
cs/foundations/languages/sql/syntax/58-explain-plan-tree/1-question.md	languages/sql/syntax/58-explain-plan-tree/1-question.md
cs/foundations/languages/sql/syntax/58-explain-plan-tree/2-summary.md	languages/sql/syntax/58-explain-plan-tree/2-summary.md
cs/foundations/languages/sql/syntax/58-explain-plan-tree/3-answer.md	languages/sql/syntax/58-explain-plan-tree/3-answer.md
cs/foundations/languages/sql/syntax/59-scan-join-sort-operators/1-question.md	languages/sql/syntax/59-scan-join-sort-operators/1-question.md
cs/foundations/languages/sql/syntax/59-scan-join-sort-operators/2-summary.md	languages/sql/syntax/59-scan-join-sort-operators/2-summary.md
cs/foundations/languages/sql/syntax/59-scan-join-sort-operators/3-answer.md	languages/sql/syntax/59-scan-join-sort-operators/3-answer.md
cs/foundations/languages/sql/syntax/60-explain-analyze-estimates-vs-actuals/1-question.md	languages/sql/syntax/60-explain-analyze-estimates-vs-actuals/1-question.md
cs/foundations/languages/sql/syntax/60-explain-analyze-estimates-vs-actuals/2-summary.md	languages/sql/syntax/60-explain-analyze-estimates-vs-actuals/2-summary.md
cs/foundations/languages/sql/syntax/60-explain-analyze-estimates-vs-actuals/3-answer.md	languages/sql/syntax/60-explain-analyze-estimates-vs-actuals/3-answer.md
cs/foundations/languages/sql/syntax/README.md	languages/sql/syntax/README.md
cs/foundations/languages/ts/syntax/01-what-ts-adds-and-erases/1-question.md	languages/ts/syntax/01-what-ts-adds-and-erases/1-question.md
cs/foundations/languages/ts/syntax/01-what-ts-adds-and-erases/2-summary.md	languages/ts/syntax/01-what-ts-adds-and-erases/2-summary.md
cs/foundations/languages/ts/syntax/01-what-ts-adds-and-erases/3-answer.md	languages/ts/syntax/01-what-ts-adds-and-erases/3-answer.md
cs/foundations/languages/ts/syntax/02-type-checking-vs-emit/1-question.md	languages/ts/syntax/02-type-checking-vs-emit/1-question.md
cs/foundations/languages/ts/syntax/02-type-checking-vs-emit/2-summary.md	languages/ts/syntax/02-type-checking-vs-emit/2-summary.md
cs/foundations/languages/ts/syntax/02-type-checking-vs-emit/3-answer.md	languages/ts/syntax/02-type-checking-vs-emit/3-answer.md
cs/foundations/languages/ts/syntax/03-basic-type-annotations/1-question.md	languages/ts/syntax/03-basic-type-annotations/1-question.md
cs/foundations/languages/ts/syntax/03-basic-type-annotations/2-summary.md	languages/ts/syntax/03-basic-type-annotations/2-summary.md
cs/foundations/languages/ts/syntax/03-basic-type-annotations/3-answer.md	languages/ts/syntax/03-basic-type-annotations/3-answer.md
cs/foundations/languages/ts/syntax/04-any-unknown-never-void/1-question.md	languages/ts/syntax/04-any-unknown-never-void/1-question.md
cs/foundations/languages/ts/syntax/04-any-unknown-never-void/2-summary.md	languages/ts/syntax/04-any-unknown-never-void/2-summary.md
cs/foundations/languages/ts/syntax/04-any-unknown-never-void/3-answer.md	languages/ts/syntax/04-any-unknown-never-void/3-answer.md
cs/foundations/languages/ts/syntax/05-structural-typing/1-question.md	languages/ts/syntax/05-structural-typing/1-question.md
cs/foundations/languages/ts/syntax/05-structural-typing/2-summary.md	languages/ts/syntax/05-structural-typing/2-summary.md
cs/foundations/languages/ts/syntax/05-structural-typing/3-answer.md	languages/ts/syntax/05-structural-typing/3-answer.md
cs/foundations/languages/ts/syntax/06-excess-property-checks/1-question.md	languages/ts/syntax/06-excess-property-checks/1-question.md
cs/foundations/languages/ts/syntax/06-excess-property-checks/2-summary.md	languages/ts/syntax/06-excess-property-checks/2-summary.md
cs/foundations/languages/ts/syntax/06-excess-property-checks/3-answer.md	languages/ts/syntax/06-excess-property-checks/3-answer.md
cs/foundations/languages/ts/syntax/07-object-type-details/1-question.md	languages/ts/syntax/07-object-type-details/1-question.md
cs/foundations/languages/ts/syntax/07-object-type-details/2-summary.md	languages/ts/syntax/07-object-type-details/2-summary.md
cs/foundations/languages/ts/syntax/07-object-type-details/3-answer.md	languages/ts/syntax/07-object-type-details/3-answer.md
cs/foundations/languages/ts/syntax/08-interface-vs-type/1-question.md	languages/ts/syntax/08-interface-vs-type/1-question.md
cs/foundations/languages/ts/syntax/08-interface-vs-type/2-summary.md	languages/ts/syntax/08-interface-vs-type/2-summary.md
cs/foundations/languages/ts/syntax/08-interface-vs-type/3-answer.md	languages/ts/syntax/08-interface-vs-type/3-answer.md
cs/foundations/languages/ts/syntax/09-union-types/1-question.md	languages/ts/syntax/09-union-types/1-question.md
cs/foundations/languages/ts/syntax/09-union-types/2-summary.md	languages/ts/syntax/09-union-types/2-summary.md
cs/foundations/languages/ts/syntax/09-union-types/3-answer.md	languages/ts/syntax/09-union-types/3-answer.md
cs/foundations/languages/ts/syntax/10-intersection-types/1-question.md	languages/ts/syntax/10-intersection-types/1-question.md
cs/foundations/languages/ts/syntax/10-intersection-types/2-summary.md	languages/ts/syntax/10-intersection-types/2-summary.md
cs/foundations/languages/ts/syntax/10-intersection-types/3-answer.md	languages/ts/syntax/10-intersection-types/3-answer.md
cs/foundations/languages/ts/syntax/11-literal-types-and-as-const/1-question.md	languages/ts/syntax/11-literal-types-and-as-const/1-question.md
cs/foundations/languages/ts/syntax/11-literal-types-and-as-const/2-summary.md	languages/ts/syntax/11-literal-types-and-as-const/2-summary.md
cs/foundations/languages/ts/syntax/11-literal-types-and-as-const/3-answer.md	languages/ts/syntax/11-literal-types-and-as-const/3-answer.md
cs/foundations/languages/ts/syntax/12-narrowing/1-question.md	languages/ts/syntax/12-narrowing/1-question.md
cs/foundations/languages/ts/syntax/12-narrowing/2-summary.md	languages/ts/syntax/12-narrowing/2-summary.md
cs/foundations/languages/ts/syntax/12-narrowing/3-answer.md	languages/ts/syntax/12-narrowing/3-answer.md
cs/foundations/languages/ts/syntax/13-type-guards-and-predicates/1-question.md	languages/ts/syntax/13-type-guards-and-predicates/1-question.md
cs/foundations/languages/ts/syntax/13-type-guards-and-predicates/2-summary.md	languages/ts/syntax/13-type-guards-and-predicates/2-summary.md
cs/foundations/languages/ts/syntax/13-type-guards-and-predicates/3-answer.md	languages/ts/syntax/13-type-guards-and-predicates/3-answer.md
cs/foundations/languages/ts/syntax/14-assertion-signatures/1-question.md	languages/ts/syntax/14-assertion-signatures/1-question.md
cs/foundations/languages/ts/syntax/14-assertion-signatures/2-summary.md	languages/ts/syntax/14-assertion-signatures/2-summary.md
cs/foundations/languages/ts/syntax/14-assertion-signatures/3-answer.md	languages/ts/syntax/14-assertion-signatures/3-answer.md
cs/foundations/languages/ts/syntax/15-control-flow-analysis-limits/1-question.md	languages/ts/syntax/15-control-flow-analysis-limits/1-question.md
cs/foundations/languages/ts/syntax/15-control-flow-analysis-limits/2-summary.md	languages/ts/syntax/15-control-flow-analysis-limits/2-summary.md
cs/foundations/languages/ts/syntax/15-control-flow-analysis-limits/3-answer.md	languages/ts/syntax/15-control-flow-analysis-limits/3-answer.md
cs/foundations/languages/ts/syntax/16-function-types-and-overloads/1-question.md	languages/ts/syntax/16-function-types-and-overloads/1-question.md
cs/foundations/languages/ts/syntax/16-function-types-and-overloads/2-summary.md	languages/ts/syntax/16-function-types-and-overloads/2-summary.md
cs/foundations/languages/ts/syntax/16-function-types-and-overloads/3-answer.md	languages/ts/syntax/16-function-types-and-overloads/3-answer.md
cs/foundations/languages/ts/syntax/17-variance-and-parameter-compatibility/1-question.md	languages/ts/syntax/17-variance-and-parameter-compatibility/1-question.md
cs/foundations/languages/ts/syntax/17-variance-and-parameter-compatibility/2-summary.md	languages/ts/syntax/17-variance-and-parameter-compatibility/2-summary.md
cs/foundations/languages/ts/syntax/17-variance-and-parameter-compatibility/3-answer.md	languages/ts/syntax/17-variance-and-parameter-compatibility/3-answer.md
cs/foundations/languages/ts/syntax/18-this-parameter-types/1-question.md	languages/ts/syntax/18-this-parameter-types/1-question.md
cs/foundations/languages/ts/syntax/18-this-parameter-types/2-summary.md	languages/ts/syntax/18-this-parameter-types/2-summary.md
cs/foundations/languages/ts/syntax/18-this-parameter-types/3-answer.md	languages/ts/syntax/18-this-parameter-types/3-answer.md
cs/foundations/languages/ts/syntax/19-generics-basics/1-question.md	languages/ts/syntax/19-generics-basics/1-question.md
cs/foundations/languages/ts/syntax/19-generics-basics/2-summary.md	languages/ts/syntax/19-generics-basics/2-summary.md
cs/foundations/languages/ts/syntax/19-generics-basics/3-answer.md	languages/ts/syntax/19-generics-basics/3-answer.md
cs/foundations/languages/ts/syntax/20-generic-constraints-and-defaults/1-question.md	languages/ts/syntax/20-generic-constraints-and-defaults/1-question.md
cs/foundations/languages/ts/syntax/20-generic-constraints-and-defaults/2-summary.md	languages/ts/syntax/20-generic-constraints-and-defaults/2-summary.md
cs/foundations/languages/ts/syntax/20-generic-constraints-and-defaults/3-answer.md	languages/ts/syntax/20-generic-constraints-and-defaults/3-answer.md
cs/foundations/languages/ts/syntax/21-inference-control-const-and-noinfer/1-question.md	languages/ts/syntax/21-inference-control-const-and-noinfer/1-question.md
cs/foundations/languages/ts/syntax/21-inference-control-const-and-noinfer/2-summary.md	languages/ts/syntax/21-inference-control-const-and-noinfer/2-summary.md
cs/foundations/languages/ts/syntax/21-inference-control-const-and-noinfer/3-answer.md	languages/ts/syntax/21-inference-control-const-and-noinfer/3-answer.md
cs/foundations/languages/ts/syntax/22-keyof-and-indexed-access-types/1-question.md	languages/ts/syntax/22-keyof-and-indexed-access-types/1-question.md
cs/foundations/languages/ts/syntax/22-keyof-and-indexed-access-types/2-summary.md	languages/ts/syntax/22-keyof-and-indexed-access-types/2-summary.md
cs/foundations/languages/ts/syntax/22-keyof-and-indexed-access-types/3-answer.md	languages/ts/syntax/22-keyof-and-indexed-access-types/3-answer.md
cs/foundations/languages/ts/syntax/23-typeof-type-operator/1-question.md	languages/ts/syntax/23-typeof-type-operator/1-question.md
cs/foundations/languages/ts/syntax/23-typeof-type-operator/2-summary.md	languages/ts/syntax/23-typeof-type-operator/2-summary.md
cs/foundations/languages/ts/syntax/23-typeof-type-operator/3-answer.md	languages/ts/syntax/23-typeof-type-operator/3-answer.md
cs/foundations/languages/ts/syntax/24-conditional-types-and-distribution/1-question.md	languages/ts/syntax/24-conditional-types-and-distribution/1-question.md
cs/foundations/languages/ts/syntax/24-conditional-types-and-distribution/2-summary.md	languages/ts/syntax/24-conditional-types-and-distribution/2-summary.md
cs/foundations/languages/ts/syntax/24-conditional-types-and-distribution/3-answer.md	languages/ts/syntax/24-conditional-types-and-distribution/3-answer.md
cs/foundations/languages/ts/syntax/25-infer-and-recursive-conditional-types/1-question.md	languages/ts/syntax/25-infer-and-recursive-conditional-types/1-question.md
cs/foundations/languages/ts/syntax/25-infer-and-recursive-conditional-types/2-summary.md	languages/ts/syntax/25-infer-and-recursive-conditional-types/2-summary.md
cs/foundations/languages/ts/syntax/25-infer-and-recursive-conditional-types/3-answer.md	languages/ts/syntax/25-infer-and-recursive-conditional-types/3-answer.md
cs/foundations/languages/ts/syntax/26-mapped-types/1-question.md	languages/ts/syntax/26-mapped-types/1-question.md
cs/foundations/languages/ts/syntax/26-mapped-types/2-summary.md	languages/ts/syntax/26-mapped-types/2-summary.md
cs/foundations/languages/ts/syntax/26-mapped-types/3-answer.md	languages/ts/syntax/26-mapped-types/3-answer.md
cs/foundations/languages/ts/syntax/27-template-literal-types/1-question.md	languages/ts/syntax/27-template-literal-types/1-question.md
cs/foundations/languages/ts/syntax/27-template-literal-types/2-summary.md	languages/ts/syntax/27-template-literal-types/2-summary.md
cs/foundations/languages/ts/syntax/27-template-literal-types/3-answer.md	languages/ts/syntax/27-template-literal-types/3-answer.md
cs/foundations/languages/ts/syntax/28-utility-types/1-question.md	languages/ts/syntax/28-utility-types/1-question.md
cs/foundations/languages/ts/syntax/28-utility-types/2-summary.md	languages/ts/syntax/28-utility-types/2-summary.md
cs/foundations/languages/ts/syntax/28-utility-types/3-answer.md	languages/ts/syntax/28-utility-types/3-answer.md
cs/foundations/languages/ts/syntax/29-satisfies/1-question.md	languages/ts/syntax/29-satisfies/1-question.md
cs/foundations/languages/ts/syntax/29-satisfies/2-summary.md	languages/ts/syntax/29-satisfies/2-summary.md
cs/foundations/languages/ts/syntax/29-satisfies/3-answer.md	languages/ts/syntax/29-satisfies/3-answer.md
cs/foundations/languages/ts/syntax/30-type-assertions-and-non-null/1-question.md	languages/ts/syntax/30-type-assertions-and-non-null/1-question.md
cs/foundations/languages/ts/syntax/30-type-assertions-and-non-null/2-summary.md	languages/ts/syntax/30-type-assertions-and-non-null/2-summary.md
cs/foundations/languages/ts/syntax/30-type-assertions-and-non-null/3-answer.md	languages/ts/syntax/30-type-assertions-and-non-null/3-answer.md
cs/foundations/languages/ts/syntax/31-enum-pitfalls/1-question.md	languages/ts/syntax/31-enum-pitfalls/1-question.md
cs/foundations/languages/ts/syntax/31-enum-pitfalls/2-summary.md	languages/ts/syntax/31-enum-pitfalls/2-summary.md
cs/foundations/languages/ts/syntax/31-enum-pitfalls/3-answer.md	languages/ts/syntax/31-enum-pitfalls/3-answer.md
cs/foundations/languages/ts/syntax/32-class-type-aspects/1-question.md	languages/ts/syntax/32-class-type-aspects/1-question.md
cs/foundations/languages/ts/syntax/32-class-type-aspects/2-summary.md	languages/ts/syntax/32-class-type-aspects/2-summary.md
cs/foundations/languages/ts/syntax/32-class-type-aspects/3-answer.md	languages/ts/syntax/32-class-type-aspects/3-answer.md
cs/foundations/languages/ts/syntax/33-declaration-merging/1-question.md	languages/ts/syntax/33-declaration-merging/1-question.md
cs/foundations/languages/ts/syntax/33-declaration-merging/2-summary.md	languages/ts/syntax/33-declaration-merging/2-summary.md
cs/foundations/languages/ts/syntax/33-declaration-merging/3-answer.md	languages/ts/syntax/33-declaration-merging/3-answer.md
cs/foundations/languages/ts/syntax/34-namespace-place/1-question.md	languages/ts/syntax/34-namespace-place/1-question.md
cs/foundations/languages/ts/syntax/34-namespace-place/2-summary.md	languages/ts/syntax/34-namespace-place/2-summary.md
cs/foundations/languages/ts/syntax/34-namespace-place/3-answer.md	languages/ts/syntax/34-namespace-place/3-answer.md
cs/foundations/languages/ts/syntax/35-module-resolution/1-question.md	languages/ts/syntax/35-module-resolution/1-question.md
cs/foundations/languages/ts/syntax/35-module-resolution/2-summary.md	languages/ts/syntax/35-module-resolution/2-summary.md
cs/foundations/languages/ts/syntax/35-module-resolution/3-answer.md	languages/ts/syntax/35-module-resolution/3-answer.md
cs/foundations/languages/ts/syntax/36-type-only-imports-and-exports/1-question.md	languages/ts/syntax/36-type-only-imports-and-exports/1-question.md
cs/foundations/languages/ts/syntax/36-type-only-imports-and-exports/2-summary.md	languages/ts/syntax/36-type-only-imports-and-exports/2-summary.md
cs/foundations/languages/ts/syntax/36-type-only-imports-and-exports/3-answer.md	languages/ts/syntax/36-type-only-imports-and-exports/3-answer.md
cs/foundations/languages/ts/syntax/37-writing-declaration-files/1-question.md	languages/ts/syntax/37-writing-declaration-files/1-question.md
cs/foundations/languages/ts/syntax/37-writing-declaration-files/2-summary.md	languages/ts/syntax/37-writing-declaration-files/2-summary.md
cs/foundations/languages/ts/syntax/37-writing-declaration-files/3-answer.md	languages/ts/syntax/37-writing-declaration-files/3-answer.md
cs/foundations/languages/ts/syntax/38-ambient-global-types-configuration/1-question.md	languages/ts/syntax/38-ambient-global-types-configuration/1-question.md
cs/foundations/languages/ts/syntax/38-ambient-global-types-configuration/2-summary.md	languages/ts/syntax/38-ambient-global-types-configuration/2-summary.md
cs/foundations/languages/ts/syntax/38-ambient-global-types-configuration/3-answer.md	languages/ts/syntax/38-ambient-global-types-configuration/3-answer.md
cs/foundations/languages/ts/syntax/39-strict-bundle/1-question.md	languages/ts/syntax/39-strict-bundle/1-question.md
cs/foundations/languages/ts/syntax/39-strict-bundle/2-summary.md	languages/ts/syntax/39-strict-bundle/2-summary.md
cs/foundations/languages/ts/syntax/39-strict-bundle/3-answer.md	languages/ts/syntax/39-strict-bundle/3-answer.md
cs/foundations/languages/ts/syntax/40-strict-null-checks-ripple/1-question.md	languages/ts/syntax/40-strict-null-checks-ripple/1-question.md
cs/foundations/languages/ts/syntax/40-strict-null-checks-ripple/2-summary.md	languages/ts/syntax/40-strict-null-checks-ripple/2-summary.md
cs/foundations/languages/ts/syntax/40-strict-null-checks-ripple/3-answer.md	languages/ts/syntax/40-strict-null-checks-ripple/3-answer.md
cs/foundations/languages/ts/syntax/41-index-and-optional-property-strict-flags/1-question.md	languages/ts/syntax/41-index-and-optional-property-strict-flags/1-question.md
cs/foundations/languages/ts/syntax/41-index-and-optional-property-strict-flags/2-summary.md	languages/ts/syntax/41-index-and-optional-property-strict-flags/2-summary.md
cs/foundations/languages/ts/syntax/41-index-and-optional-property-strict-flags/3-answer.md	languages/ts/syntax/41-index-and-optional-property-strict-flags/3-answer.md
cs/foundations/languages/ts/syntax/42-implicit-any-and-catch-variables/1-question.md	languages/ts/syntax/42-implicit-any-and-catch-variables/1-question.md
cs/foundations/languages/ts/syntax/42-implicit-any-and-catch-variables/2-summary.md	languages/ts/syntax/42-implicit-any-and-catch-variables/2-summary.md
cs/foundations/languages/ts/syntax/42-implicit-any-and-catch-variables/3-answer.md	languages/ts/syntax/42-implicit-any-and-catch-variables/3-answer.md
cs/foundations/languages/ts/syntax/43-remaining-tsconfig-choices/1-question.md	languages/ts/syntax/43-remaining-tsconfig-choices/1-question.md
cs/foundations/languages/ts/syntax/43-remaining-tsconfig-choices/2-summary.md	languages/ts/syntax/43-remaining-tsconfig-choices/2-summary.md
cs/foundations/languages/ts/syntax/43-remaining-tsconfig-choices/3-answer.md	languages/ts/syntax/43-remaining-tsconfig-choices/3-answer.md
cs/foundations/languages/ts/syntax/44-project-references-and-declaration-emit/1-question.md	languages/ts/syntax/44-project-references-and-declaration-emit/1-question.md
cs/foundations/languages/ts/syntax/44-project-references-and-declaration-emit/2-summary.md	languages/ts/syntax/44-project-references-and-declaration-emit/2-summary.md
cs/foundations/languages/ts/syntax/44-project-references-and-declaration-emit/3-answer.md	languages/ts/syntax/44-project-references-and-declaration-emit/3-answer.md
cs/foundations/languages/ts/syntax/45-type-level-performance/1-question.md	languages/ts/syntax/45-type-level-performance/1-question.md
cs/foundations/languages/ts/syntax/45-type-level-performance/2-summary.md	languages/ts/syntax/45-type-level-performance/2-summary.md
cs/foundations/languages/ts/syntax/45-type-level-performance/3-answer.md	languages/ts/syntax/45-type-level-performance/3-answer.md
cs/foundations/languages/ts/syntax/46-variadic-tuple-types/1-question.md	languages/ts/syntax/46-variadic-tuple-types/1-question.md
cs/foundations/languages/ts/syntax/46-variadic-tuple-types/2-summary.md	languages/ts/syntax/46-variadic-tuple-types/2-summary.md
cs/foundations/languages/ts/syntax/46-variadic-tuple-types/3-answer.md	languages/ts/syntax/46-variadic-tuple-types/3-answer.md
cs/foundations/languages/ts/syntax/47-decorators/1-question.md	languages/ts/syntax/47-decorators/1-question.md
cs/foundations/languages/ts/syntax/47-decorators/2-summary.md	languages/ts/syntax/47-decorators/2-summary.md
cs/foundations/languages/ts/syntax/47-decorators/3-answer.md	languages/ts/syntax/47-decorators/3-answer.md
cs/foundations/languages/ts/syntax/48-js-file-type-checking/1-question.md	languages/ts/syntax/48-js-file-type-checking/1-question.md
cs/foundations/languages/ts/syntax/48-js-file-type-checking/2-summary.md	languages/ts/syntax/48-js-file-type-checking/2-summary.md
cs/foundations/languages/ts/syntax/48-js-file-type-checking/3-answer.md	languages/ts/syntax/48-js-file-type-checking/3-answer.md
cs/foundations/languages/ts/syntax/README.md	languages/ts/syntax/README.md
cs/foundations/web-api/01-document-and-node-tree/1-question.md	languages/web-api/01-document-and-node-tree/1-question.md
cs/foundations/web-api/01-document-and-node-tree/2-summary.md	languages/web-api/01-document-and-node-tree/2-summary.md
cs/foundations/web-api/01-document-and-node-tree/3-answer.md	languages/web-api/01-document-and-node-tree/3-answer.md
cs/foundations/web-api/02-element-queries-and-live-collections/1-question.md	languages/web-api/02-element-queries-and-live-collections/1-question.md
cs/foundations/web-api/02-element-queries-and-live-collections/2-summary.md	languages/web-api/02-element-queries-and-live-collections/2-summary.md
cs/foundations/web-api/02-element-queries-and-live-collections/3-answer.md	languages/web-api/02-element-queries-and-live-collections/3-answer.md
cs/foundations/web-api/03-node-creation-insertion-removal/1-question.md	languages/web-api/03-node-creation-insertion-removal/1-question.md
cs/foundations/web-api/03-node-creation-insertion-removal/2-summary.md	languages/web-api/03-node-creation-insertion-removal/2-summary.md
cs/foundations/web-api/03-node-creation-insertion-removal/3-answer.md	languages/web-api/03-node-creation-insertion-removal/3-answer.md
cs/foundations/web-api/04-textcontent-innerhtml-innertext/1-question.md	languages/web-api/04-textcontent-innerhtml-innertext/1-question.md
cs/foundations/web-api/04-textcontent-innerhtml-innertext/2-summary.md	languages/web-api/04-textcontent-innerhtml-innertext/2-summary.md
cs/foundations/web-api/04-textcontent-innerhtml-innertext/3-answer.md	languages/web-api/04-textcontent-innerhtml-innertext/3-answer.md
cs/foundations/web-api/05-documentfragment-and-template/1-question.md	languages/web-api/05-documentfragment-and-template/1-question.md
cs/foundations/web-api/05-documentfragment-and-template/2-summary.md	languages/web-api/05-documentfragment-and-template/2-summary.md
cs/foundations/web-api/05-documentfragment-and-template/3-answer.md	languages/web-api/05-documentfragment-and-template/3-answer.md
cs/foundations/web-api/06-attribute-vs-property/1-question.md	languages/web-api/06-attribute-vs-property/1-question.md
cs/foundations/web-api/06-attribute-vs-property/2-summary.md	languages/web-api/06-attribute-vs-property/2-summary.md
cs/foundations/web-api/06-attribute-vs-property/3-answer.md	languages/web-api/06-attribute-vs-property/3-answer.md
cs/foundations/web-api/07-dataset-classlist-inline-style/1-question.md	languages/web-api/07-dataset-classlist-inline-style/1-question.md
cs/foundations/web-api/07-dataset-classlist-inline-style/2-summary.md	languages/web-api/07-dataset-classlist-inline-style/2-summary.md
cs/foundations/web-api/07-dataset-classlist-inline-style/3-answer.md	languages/web-api/07-dataset-classlist-inline-style/3-answer.md
cs/foundations/web-api/08-getcomputedstyle/1-question.md	languages/web-api/08-getcomputedstyle/1-question.md
cs/foundations/web-api/08-getcomputedstyle/2-summary.md	languages/web-api/08-getcomputedstyle/2-summary.md
cs/foundations/web-api/08-getcomputedstyle/3-answer.md	languages/web-api/08-getcomputedstyle/3-answer.md
cs/foundations/web-api/09-element-geometry/1-question.md	languages/web-api/09-element-geometry/1-question.md
cs/foundations/web-api/09-element-geometry/2-summary.md	languages/web-api/09-element-geometry/2-summary.md
cs/foundations/web-api/09-element-geometry/3-answer.md	languages/web-api/09-element-geometry/3-answer.md
cs/foundations/web-api/10-layout-thrashing/1-question.md	languages/web-api/10-layout-thrashing/1-question.md
cs/foundations/web-api/10-layout-thrashing/2-summary.md	languages/web-api/10-layout-thrashing/2-summary.md
cs/foundations/web-api/10-layout-thrashing/3-answer.md	languages/web-api/10-layout-thrashing/3-answer.md
cs/foundations/web-api/11-scroll-control/1-question.md	languages/web-api/11-scroll-control/1-question.md
cs/foundations/web-api/11-scroll-control/2-summary.md	languages/web-api/11-scroll-control/2-summary.md
cs/foundations/web-api/11-scroll-control/3-answer.md	languages/web-api/11-scroll-control/3-answer.md
cs/foundations/web-api/12-shadow-dom/1-question.md	languages/web-api/12-shadow-dom/1-question.md
cs/foundations/web-api/12-shadow-dom/2-summary.md	languages/web-api/12-shadow-dom/2-summary.md
cs/foundations/web-api/12-shadow-dom/3-answer.md	languages/web-api/12-shadow-dom/3-answer.md
cs/foundations/web-api/13-custom-element-lifecycle/1-question.md	languages/web-api/13-custom-element-lifecycle/1-question.md
cs/foundations/web-api/13-custom-element-lifecycle/2-summary.md	languages/web-api/13-custom-element-lifecycle/2-summary.md
cs/foundations/web-api/13-custom-element-lifecycle/3-answer.md	languages/web-api/13-custom-element-lifecycle/3-answer.md
cs/foundations/web-api/14-dialog-popover-scripting/1-question.md	languages/web-api/14-dialog-popover-scripting/1-question.md
cs/foundations/web-api/14-dialog-popover-scripting/2-summary.md	languages/web-api/14-dialog-popover-scripting/2-summary.md
cs/foundations/web-api/14-dialog-popover-scripting/3-answer.md	languages/web-api/14-dialog-popover-scripting/3-answer.md
cs/foundations/web-api/15-listener-registration/1-question.md	languages/web-api/15-listener-registration/1-question.md
cs/foundations/web-api/15-listener-registration/2-summary.md	languages/web-api/15-listener-registration/2-summary.md
cs/foundations/web-api/15-listener-registration/3-answer.md	languages/web-api/15-listener-registration/3-answer.md
cs/foundations/web-api/16-event-propagation-phases/1-question.md	languages/web-api/16-event-propagation-phases/1-question.md
cs/foundations/web-api/16-event-propagation-phases/2-summary.md	languages/web-api/16-event-propagation-phases/2-summary.md
cs/foundations/web-api/16-event-propagation-phases/3-answer.md	languages/web-api/16-event-propagation-phases/3-answer.md
cs/foundations/web-api/17-stoppropagation-vs-preventdefault/1-question.md	languages/web-api/17-stoppropagation-vs-preventdefault/1-question.md
cs/foundations/web-api/17-stoppropagation-vs-preventdefault/2-summary.md	languages/web-api/17-stoppropagation-vs-preventdefault/2-summary.md
cs/foundations/web-api/17-stoppropagation-vs-preventdefault/3-answer.md	languages/web-api/17-stoppropagation-vs-preventdefault/3-answer.md
cs/foundations/web-api/18-event-delegation/1-question.md	languages/web-api/18-event-delegation/1-question.md
cs/foundations/web-api/18-event-delegation/2-summary.md	languages/web-api/18-event-delegation/2-summary.md
cs/foundations/web-api/18-event-delegation/3-answer.md	languages/web-api/18-event-delegation/3-answer.md
cs/foundations/web-api/19-passive-and-scroll/1-question.md	languages/web-api/19-passive-and-scroll/1-question.md
cs/foundations/web-api/19-passive-and-scroll/2-summary.md	languages/web-api/19-passive-and-scroll/2-summary.md
cs/foundations/web-api/19-passive-and-scroll/3-answer.md	languages/web-api/19-passive-and-scroll/3-answer.md
cs/foundations/web-api/20-listener-lifetime/1-question.md	languages/web-api/20-listener-lifetime/1-question.md
cs/foundations/web-api/20-listener-lifetime/2-summary.md	languages/web-api/20-listener-lifetime/2-summary.md
cs/foundations/web-api/20-listener-lifetime/3-answer.md	languages/web-api/20-listener-lifetime/3-answer.md
cs/foundations/web-api/21-custom-events/1-question.md	languages/web-api/21-custom-events/1-question.md
cs/foundations/web-api/21-custom-events/2-summary.md	languages/web-api/21-custom-events/2-summary.md
cs/foundations/web-api/21-custom-events/3-answer.md	languages/web-api/21-custom-events/3-answer.md
cs/foundations/web-api/22-input-event-order/1-question.md	languages/web-api/22-input-event-order/1-question.md
cs/foundations/web-api/22-input-event-order/2-summary.md	languages/web-api/22-input-event-order/2-summary.md
cs/foundations/web-api/22-input-event-order/3-answer.md	languages/web-api/22-input-event-order/3-answer.md
cs/foundations/web-api/23-pointer-events/1-question.md	languages/web-api/23-pointer-events/1-question.md
cs/foundations/web-api/23-pointer-events/2-summary.md	languages/web-api/23-pointer-events/2-summary.md
cs/foundations/web-api/23-pointer-events/3-answer.md	languages/web-api/23-pointer-events/3-answer.md
cs/foundations/web-api/24-document-lifecycle-events/1-question.md	languages/web-api/24-document-lifecycle-events/1-question.md
cs/foundations/web-api/24-document-lifecycle-events/2-summary.md	languages/web-api/24-document-lifecycle-events/2-summary.md
cs/foundations/web-api/24-document-lifecycle-events/3-answer.md	languages/web-api/24-document-lifecycle-events/3-answer.md
cs/foundations/web-api/25-fetch-request-response/1-question.md	languages/web-api/25-fetch-request-response/1-question.md
cs/foundations/web-api/25-fetch-request-response/2-summary.md	languages/web-api/25-fetch-request-response/2-summary.md
cs/foundations/web-api/25-fetch-request-response/3-answer.md	languages/web-api/25-fetch-request-response/3-answer.md
cs/foundations/web-api/26-response-body-streaming/1-question.md	languages/web-api/26-response-body-streaming/1-question.md
cs/foundations/web-api/26-response-body-streaming/2-summary.md	languages/web-api/26-response-body-streaming/2-summary.md
cs/foundations/web-api/26-response-body-streaming/3-answer.md	languages/web-api/26-response-body-streaming/3-answer.md
cs/foundations/web-api/27-abort-and-timeout/1-question.md	languages/web-api/27-abort-and-timeout/1-question.md
cs/foundations/web-api/27-abort-and-timeout/2-summary.md	languages/web-api/27-abort-and-timeout/2-summary.md
cs/foundations/web-api/27-abort-and-timeout/3-answer.md	languages/web-api/27-abort-and-timeout/3-answer.md
cs/foundations/web-api/28-cors-simple-and-preflight/1-question.md	languages/web-api/28-cors-simple-and-preflight/1-question.md
cs/foundations/web-api/28-cors-simple-and-preflight/2-summary.md	languages/web-api/28-cors-simple-and-preflight/2-summary.md
cs/foundations/web-api/28-cors-simple-and-preflight/3-answer.md	languages/web-api/28-cors-simple-and-preflight/3-answer.md
cs/foundations/web-api/29-credentials-and-cookies/1-question.md	languages/web-api/29-credentials-and-cookies/1-question.md
cs/foundations/web-api/29-credentials-and-cookies/2-summary.md	languages/web-api/29-credentials-and-cookies/2-summary.md
cs/foundations/web-api/29-credentials-and-cookies/3-answer.md	languages/web-api/29-credentials-and-cookies/3-answer.md
cs/foundations/web-api/30-request-body-and-content-type/1-question.md	languages/web-api/30-request-body-and-content-type/1-question.md
cs/foundations/web-api/30-request-body-and-content-type/2-summary.md	languages/web-api/30-request-body-and-content-type/2-summary.md
cs/foundations/web-api/30-request-body-and-content-type/3-answer.md	languages/web-api/30-request-body-and-content-type/3-answer.md
cs/foundations/web-api/31-blob-file-and-object-url/1-question.md	languages/web-api/31-blob-file-and-object-url/1-question.md
cs/foundations/web-api/31-blob-file-and-object-url/2-summary.md	languages/web-api/31-blob-file-and-object-url/2-summary.md
cs/foundations/web-api/31-blob-file-and-object-url/3-answer.md	languages/web-api/31-blob-file-and-object-url/3-answer.md
cs/foundations/web-api/32-server-sent-events/1-question.md	languages/web-api/32-server-sent-events/1-question.md
cs/foundations/web-api/32-server-sent-events/2-summary.md	languages/web-api/32-server-sent-events/2-summary.md
cs/foundations/web-api/32-server-sent-events/3-answer.md	languages/web-api/32-server-sent-events/3-answer.md
cs/foundations/web-api/33-websocket/1-question.md	languages/web-api/33-websocket/1-question.md
cs/foundations/web-api/33-websocket/2-summary.md	languages/web-api/33-websocket/2-summary.md
cs/foundations/web-api/33-websocket/3-answer.md	languages/web-api/33-websocket/3-answer.md
cs/foundations/web-api/34-send-beacon-and-keepalive/1-question.md	languages/web-api/34-send-beacon-and-keepalive/1-question.md
cs/foundations/web-api/34-send-beacon-and-keepalive/2-summary.md	languages/web-api/34-send-beacon-and-keepalive/2-summary.md
cs/foundations/web-api/34-send-beacon-and-keepalive/3-answer.md	languages/web-api/34-send-beacon-and-keepalive/3-answer.md
cs/foundations/web-api/35-intersection-observer/1-question.md	languages/web-api/35-intersection-observer/1-question.md
cs/foundations/web-api/35-intersection-observer/2-summary.md	languages/web-api/35-intersection-observer/2-summary.md
cs/foundations/web-api/35-intersection-observer/3-answer.md	languages/web-api/35-intersection-observer/3-answer.md
cs/foundations/web-api/36-resize-observer/1-question.md	languages/web-api/36-resize-observer/1-question.md
cs/foundations/web-api/36-resize-observer/2-summary.md	languages/web-api/36-resize-observer/2-summary.md
cs/foundations/web-api/36-resize-observer/3-answer.md	languages/web-api/36-resize-observer/3-answer.md
cs/foundations/web-api/37-mutation-observer/1-question.md	languages/web-api/37-mutation-observer/1-question.md
cs/foundations/web-api/37-mutation-observer/2-summary.md	languages/web-api/37-mutation-observer/2-summary.md
cs/foundations/web-api/37-mutation-observer/3-answer.md	languages/web-api/37-mutation-observer/3-answer.md
cs/foundations/web-api/38-request-animation-frame/1-question.md	languages/web-api/38-request-animation-frame/1-question.md
cs/foundations/web-api/38-request-animation-frame/2-summary.md	languages/web-api/38-request-animation-frame/2-summary.md
cs/foundations/web-api/38-request-animation-frame/3-answer.md	languages/web-api/38-request-animation-frame/3-answer.md
cs/foundations/web-api/39-idle-scheduling/1-question.md	languages/web-api/39-idle-scheduling/1-question.md
cs/foundations/web-api/39-idle-scheduling/2-summary.md	languages/web-api/39-idle-scheduling/2-summary.md
cs/foundations/web-api/39-idle-scheduling/3-answer.md	languages/web-api/39-idle-scheduling/3-answer.md
cs/foundations/web-api/README.md	languages/web-api/README.md
